"引荐域名","页面权威度(AS)","出站链接数","垃圾识别原因","来源页面标题","来源页面URL","锚文本"
"iubungei.cloud-line.com","9","249","垃圾链接农场 (出站链接数高达 249 条，AS 仅 9 分)","令和四年度新入生歓迎号へのコメントはこちら | 作品へのコメント | 茨城大学文藝部","http://iubungei.cloud-line.com/comment/2022/06/106186/","Anomalous Coffee Machine"
"archiwum-obieg.u-jazdowski.pl","9","5638","垃圾链接农场 (出站链接数高达 5638 条，AS 仅 9 分)","Styczeń 2015 | obieg.pl","http://archiwum-obieg.u-jazdowski.pl/newsletter-obiegpl/34420","Anomalous Coffee Machine"
"yumepirika.com","8","310","垃圾链接农场 (出站链接数高达 310 条，AS 仅 8 分)","千代の甘酒 ひな祭りキャンペーンのお知らせ ゆめぴりか 通販なら ゆめぴりか専門店米のさくら屋！","https://yumepirika.com/hpgen/HPB/entries/44.html","Anomalous Coffee Machine"
"www.yochika.com","8","6086","垃圾链接农场 (出站链接数高达 6086 条，AS 仅 8 分)","恵比寿駅から恵比寿明治通り店の行きかた！ 【YOCHIKA】エルメスやシャネルを中心に世界中のラグジュアリーブランドを販売。独自の海外買付ルートで国内未入荷の最新作や希少な限定コレクションをいち早くお届け！京都・東京恵比寿・渋谷並木橋｜ブランドショップよちか 公式オンラインストア","https://www.yochika.com/SHOP/freepage_boot.php?id=509","Anomalous Coffee Machine"
"codeforphilly.org","8","381","垃圾链接农场 (出站链接数高达 381 条，AS 仅 8 分)","Developing a Testing/Scoring Logic — Code for Philly","https://codeforphilly.org/blog/developing_a_testing-scoring_logic","Anomalous Coffee Machine"
"admin.phacility.com","7","4393","垃圾链接农场 (出站链接数高达 4393 条，AS 仅 7 分)","⇪ profile","https://admin.phacility.com/F514093","Anomalous Coffee Machine"
"www.turistik.cz","6","364","垃圾链接农场 (出站链接数高达 364 条，AS 仅 6 分)","turistik.cz - Fórum - Přírodní koupaliště Nový Hrozenkov","https://www.turistik.cz/forum/typeId/2/objectId/39992/","Anomalous Coffee Machine"
"ikufuudo.com","6","1076","垃圾链接农场 (出站链接数高达 1076 条，AS 仅 6 分)","増田牛ハンバーグ みなかみ肉屋のレストラン、生ハム工房 ワインのつまみやギフトにおすすめ｜育風堂","https://ikufuudo.com/hpgen/HPB/entries/9.html","Anomalous Coffee Machine"
"blog.thelifeguardstore.com","6","367","垃圾链接农场 (出站链接数高达 367 条，AS 仅 6 分)","A Competitive Swim Blog: Team Division","http://blog.thelifeguardstore.com/2010/12/team-division.html","Anomalous Coffee Machine"
"www.cyu-kadekirei.com","5","239","垃圾链接农场 (出站链接数高达 239 条，AS 仅 5 分)","記憶に残る贈り物 担担麺専門通販 シャントゥーゴー by想吃担担面 担々麺、坦々麺","https://www.cyu-kadekirei.com/hpgen/HPB/entries/7.html","Anomalous Coffee Machine"
"www.minemurashouten.com","5","226","垃圾链接农场 (出站链接数高达 226 条，AS 仅 5 分)","【熟成って不思議です？？？】◇第３０号◇ 峰村醸造公式メルマガ～醸し出す日々～ 明治38年創業 峰村醸造｜越後味噌、醸造・発酵食品 通販サイト","https://www.minemurashouten.com/hpgen/HPB/entries/35.html","Anomalous Coffee Machine"
"www.cosamimetto.net","5","437","垃圾链接农场 (出站链接数高达 437 条，AS 仅 5 分)","Dal cotone alla lana, scopri la nuova collezione calze da uomo | Cosa Mi Metto???","http://www.cosamimetto.net/2022/12/dal-cotone-alla-lana-scopri-la-nuova.html","Anomalous Coffee Machine"
"torokeru-de.com","5","355","垃圾链接农场 (出站链接数高达 355 条，AS 仅 5 分)","メールマガジン・バックナンバー (7) チーズケーキ通販・お取り寄せの住吉屋｜静岡県熱海市（公式）","https://torokeru-de.com/hpgen/HPB/entries/116.html","Anomalous Coffee Machine"
"seeannajane.com","4","207","垃圾链接农场 (出站链接数高达 207 条，AS 仅 4 分)","Spring with Sézane - See (Anna) Jane.","https://seeannajane.com/spring-with-sezane-2/","Anomalous Coffee Machine"
"twelveoeightblog.com","4","471","垃圾链接农场 (出站链接数高达 471 条，AS 仅 4 分)","A little wooden footstool makeover before + after – twelveOeight","https://twelveoeightblog.com/a-little-wooden-footstool-makeover-before-after/","Anomalous Coffee Machine"
"lovedecorations.de","4","682","垃圾链接农场 (出站链接数高达 682 条，AS 仅 4 分)","DIY Klopapierrollen Sterne [aufgeklappt] - Love Decorations","https://lovedecorations.de/diy-klopapierrollen-sterne-aufgeklappt/","Anomalous Coffee Machine"
"gdpr.demo.isenselabs.com","4","661","垃圾链接农场 (出站链接数高达 661 条，AS 仅 4 分)","","https://gdpr.demo.isenselabs.com/journal3/index.php?journal_blog_post_id=4&route=journal3%2Fblog%2Fpost","https://anomalousgame.io"
"gotartwork.com","4","866","垃圾链接农场 (出站链接数高达 866 条，AS 仅 4 分)","Intuitive Interface Design And Centralized User Experience blog by Jacson Combos","https://gotartwork.com/Blog/intuitive-interface-design-and-centralized-user-experience/292504/","Anomalous Coffee Machine"
"hj-how.com","2","328","垃圾链接农场 (出站链接数高达 328 条，AS 仅 2 分)","現代曲に「秋」を聴く 邦Jvol.440 和楽器CD・DVD・楽譜2200点！メジャーから自主制作まで網羅した邦楽専門CDショップ","https://hj-how.com/hpgen/HPB/entries/49.html","Anomalous Coffee Machine"
"www.edit.ne.jp","2","328","垃圾链接农场 (出站链接数高达 328 条，AS 仅 2 分)","primary*bbs","http://www.edit.ne.jp/~shira/cgi-bin/boardpro/board.cgi?page=17","URL*"
"3dcftas.eu","1","653","垃圾链接农场 (出站链接数高达 653 条，AS 仅 1 分)","Understanding Association Agreements between the EU and Ukraine, Moldova and Georgia — The art of compromise: Ukraine and Russia agree on a gas transit deal","https://3dcftas.eu/op-eds/the-art-of-compromise-ukraine-and-russia-agree-on-a-gas-transit-deal","Anomalous Coffee Machine"
"www.wilderness-survival.net","1","491","垃圾链接农场 (出站链接数高达 491 条，AS 仅 1 分)","Server","http://www.wilderness-survival.net/forums/showthread.php?4700-Server","Anomalous Coffee Machine"
"masihnyata.com","0","3000","垃圾链接农场 (出站链接数高达 3000 条，AS 仅 0 分)","🏆🏆Boost your Google rankings with Premium PBN & Link Building🏆🏆","https://masihnyata.com/all/251/28.html","High Quality Dofollow Backlinks DA 50 PA 40 Premium PBN Network Service anomalouscoffeemachine.io Rank First Page Google Fast SEO Link Building Buy Backlinks Online Cheap"
"juaralaundry.com","0","3000","垃圾链接农场 (出站链接数高达 3000 条，AS 仅 0 分)","🏆🏆Boost your Google rankings with Premium PBN & Link Building🏆🏆","https://juaralaundry.com/all/251/28.html","High Quality Dofollow Backlinks DA 50 PA 40 Premium PBN Network Service anomalouscoffeemachine.io Rank First Page Google Fast SEO Link Building Buy Backlinks Online Cheap"
"newblogerseo.com","0","3000","垃圾链接农场 (出站链接数高达 3000 条，AS 仅 0 分)","🏆🏆Boost your Google rankings with Premium PBN & Link Building🏆🏆","https://newblogerseo.com/all/251/28.html","High Quality Dofollow Backlinks DA 50 PA 40 Premium PBN Network Service anomalouscoffeemachine.io Rank First Page Google Fast SEO Link Building Buy Backlinks Online Cheap"
"renee-roaming.com","0","35","零权重批量垃圾链接农场 (如 renee-roaming.com)","A Magical Stay at Ashnil Samburu Camp, Kenya - Renee Roaming","https://renee-roaming.com/ashnil-samburu-camp-kenya/","Yaretzi"
"plrdownloadshub.com","0","3000","垃圾链接农场 (出站链接数高达 3000 条，AS 仅 0 分)","🏆🏆Boost your Google rankings with Premium PBN & Link Building🏆🏆","https://plrdownloadshub.com/all/251/28.html","High Quality Dofollow Backlinks DA 50 PA 40 Premium PBN Network Service anomalouscoffeemachine.io Rank First Page Google Fast SEO Link Building Buy Backlinks Online Cheap"
"fastlifesite.com","0","3000","垃圾链接农场 (出站链接数高达 3000 条，AS 仅 0 分)","🏆🏆Boost your Google rankings with Premium PBN & Link Building🏆🏆","https://fastlifesite.com/all/251/28.html","High Quality Dofollow Backlinks DA 50 PA 40 Premium PBN Network Service anomalouscoffeemachine.io Rank First Page Google Fast SEO Link Building Buy Backlinks Online Cheap"
"exotichealths.com","0","3000","垃圾链接农场 (出站链接数高达 3000 条，AS 仅 0 分)","🏆🏆Boost your Google rankings with Premium PBN & Link Building🏆🏆","https://exotichealths.com/all/251/28.html","High Quality Dofollow Backlinks DA 50 PA 40 Premium PBN Network Service anomalouscoffeemachine.io Rank First Page Google Fast SEO Link Building Buy Backlinks Online Cheap"
"ggmap.us.com","0","3000","垃圾链接农场 (出站链接数高达 3000 条，AS 仅 0 分)","🏆🏆Boost your Google rankings with Premium PBN & Link Building🏆🏆","https://ggmap.us.com/all/251/28.html","High Quality Dofollow Backlinks DA 50 PA 40 Premium PBN Network Service anomalouscoffeemachine.io Rank First Page Google Fast SEO Link Building Buy Backlinks Online Cheap"
"hotonlinegaming.com","0","3000","垃圾链接农场 (出站链接数高达 3000 条，AS 仅 0 分)","🏆🏆Boost your Google rankings with Premium PBN & Link Building🏆🏆","https://hotonlinegaming.com/all/251/28.html","High Quality Dofollow Backlinks DA 50 PA 40 Premium PBN Network Service anomalouscoffeemachine.io Rank First Page Google Fast SEO Link Building Buy Backlinks Online Cheap"
"hostprinter.com","0","3000","垃圾链接农场 (出站链接数高达 3000 条，AS 仅 0 分)","🏆🏆Boost your Google rankings with Premium PBN & Link Building🏆🏆","https://hostprinter.com/all/251/20.html","High Quality Dofollow Backlinks DA 50 PA 40 Premium PBN Network Service anomalouscoffeemachine.io Rank First Page Google Fast SEO Link Building Buy Backlinks Online Cheap"
"www.craftyconfessions.com","0","81","零权重批量垃圾链接农场 (如 www.craftyconfessions.com)","Crafty Confessions of a Brainy Mom: Tuesday Confessional Link Party","https://www.craftyconfessions.com/2014/01/tuesday-confessional-link-party_28.html","Anomalous Coffee Machine"
"www.bazerdaily.com","0","3000","垃圾链接农场 (出站链接数高达 3000 条，AS 仅 0 分)","🏆🏆Boost your Google rankings with Premium PBN & Link Building🏆🏆","https://www.bazerdaily.com/all/251/20.html","High Quality Dofollow Backlinks DA 50 PA 40 Premium PBN Network Service anomalouscoffeemachine.io Rank First Page Google Fast SEO Link Building Buy Backlinks Online Cheap"
"www.digitalseotool.com","0","3000","垃圾链接农场 (出站链接数高达 3000 条，AS 仅 0 分)","🏆🏆Boost your Google rankings with Premium PBN & Link Building🏆🏆","https://www.digitalseotool.com/all/251/20.html","High Quality Dofollow Backlinks DA 50 PA 40 Premium PBN Network Service anomalouscoffeemachine.io Rank First Page Google Fast SEO Link Building Buy Backlinks Online Cheap"
"www.polkadotpoplars.com","0","61","零权重批量垃圾链接农场 (如 www.polkadotpoplars.com)","Lemon Cloud Dessert","https://www.polkadotpoplars.com/lemonclouddessert/","Anomalous Coffee Machine"
"www.fletcherrld.com","0","3000","垃圾链接农场 (出站链接数高达 3000 条，AS 仅 0 分)","🏆🏆Boost your Google rankings with Premium PBN & Link Building🏆🏆","https://www.fletcherrld.com/all/251/28.html","High Quality Dofollow Backlinks DA 50 PA 40 Premium PBN Network Service anomalouscoffeemachine.io Rank First Page Google Fast SEO Link Building Buy Backlinks Online Cheap"
"soulvocable.com","0","3000","垃圾链接农场 (出站链接数高达 3000 条，AS 仅 0 分)","🏆🏆Boost your Google rankings with Premium PBN & Link Building🏆🏆","https://soulvocable.com/all/251/28.html","High Quality Dofollow Backlinks DA 50 PA 40 Premium PBN Network Service anomalouscoffeemachine.io Rank First Page Google Fast SEO Link Building Buy Backlinks Online Cheap"
"sahammurah.com","0","3000","垃圾链接农场 (出站链接数高达 3000 条，AS 仅 0 分)","🏆🏆Boost your Google rankings with Premium PBN & Link Building🏆🏆","https://sahammurah.com/all/251/28.html","High Quality Dofollow Backlinks DA 50 PA 40 Premium PBN Network Service anomalouscoffeemachine.io Rank First Page Google Fast SEO Link Building Buy Backlinks Online Cheap"
"southfwb.com","0","3000","垃圾链接农场 (出站链接数高达 3000 条，AS 仅 0 分)","🏆🏆Boost your Google rankings with Premium PBN & Link Building🏆🏆","https://southfwb.com/all/251/28.html","High Quality Dofollow Backlinks DA 50 PA 40 Premium PBN Network Service anomalouscoffeemachine.io Rank First Page Google Fast SEO Link Building Buy Backlinks Online Cheap"
"wecelebrities.com","0","3000","垃圾链接农场 (出站链接数高达 3000 条，AS 仅 0 分)","🏆🏆Boost your Google rankings with Premium PBN & Link Building🏆🏆","https://wecelebrities.com/all/251/28.html","High Quality Dofollow Backlinks DA 50 PA 40 Premium PBN Network Service anomalouscoffeemachine.io Rank First Page Google Fast SEO Link Building Buy Backlinks Online Cheap"
"thefebruaryfox.com","0","57","零权重批量垃圾链接农场 (如 thefebruaryfox.com)","Recipe from Around the World: Sushi - The February Fox","https://thefebruaryfox.com/recipe-from-around-the-world-sushi/","Anomalous Coffee Machine"
"www.mysomedayinmay.com","0","64","零权重批量垃圾链接农场 (如 www.mysomedayinmay.com)","Double Double Free Printable - My Someday in May","http://www.mysomedayinmay.com/2016/09/double-double-free-printable.html","Anomalous Coffee Machine"
"www.momto2poshlildivas.com","0","49","零权重批量垃圾链接农场 (如 www.momto2poshlildivas.com)","Mom to 2 Posh Lil Divas: Seuss Inspired Activities for Kids {The Sunday Showcase 3/1/14}","http://www.momto2poshlildivas.com/2014/03/seuss-inspired-activities-for-kids.html?showComment=1605599708739","Anomalous Coffee Machine"
"www.savorhomeblog.com","0","57","零权重批量垃圾链接农场 (如 www.savorhomeblog.com)","Savor Home: Friday Favorite: Peace","http://www.savorhomeblog.com/2011/02/friday-favorite-peace.html","Anomalous Coffee Machine"
"xinn.mydns.jp","0","48","零权重批量垃圾链接农场 (如 xinn.mydns.jp)","snapblog - 花畑牧場 生キャラメル狂騒曲","http://xinn.mydns.jp/snapblog/diary/20090130_01.htm","Anomalous Coffee Machine"
"www.vitaminihandmade.com","0","34","零权重批量垃圾链接农场 (如 www.vitaminihandmade.com)","vitamini handmade: Thrift finds.","http://www.vitaminihandmade.com/2012/01/thrift-finds.html","Anomalous Coffee Machine"
"onlyhealthydeals.com","0","3000","垃圾链接农场 (出站链接数高达 3000 条，AS 仅 0 分)","🏆🏆Boost your Google rankings with Premium PBN & Link Building🏆🏆","http://onlyhealthydeals.com/all/251/20.html","High Quality Dofollow Backlinks DA 50 PA 40 Premium PBN Network Service anomalouscoffeemachine.io Rank First Page Google Fast SEO Link Building Buy Backlinks Online Cheap"
"blog.lightgreyartlab.com","0","83","零权重批量垃圾链接农场 (如 blog.lightgreyartlab.com)","LIGHT GREY ART LAB: Pokémon Battle Royale Group Show!","http://blog.lightgreyartlab.com/2012/04/pokemon-battle-royale-group-show.html","Anomalous Coffee Machine"
"savetrestles.surfrider.org","0","103","零权重批量垃圾链接农场 (如 savetrestles.surfrider.org)","Save Trestles: Your Official Invite To The Biggest Hearing On Earth.","http://savetrestles.surfrider.org/2008/07/your-official-invite-to-biggest-hearing.html","Anomalous Coffee Machine"
"www.celluloiddiaries.com","0","124","零权重批量垃圾链接农场 (如 www.celluloiddiaries.com)","Celluloid Diaries: NAKED LUNCH","http://www.celluloiddiaries.com/2023/01/naked-lunch.html","Anomalous Coffee Machine"
"worholicanada.mydns.jp","0","47","零权重批量垃圾链接农场 (如 worholicanada.mydns.jp)","snapblog - 花畑牧場 生キャラメル狂騒曲","http://worholicanada.mydns.jp/snapblog/diary/20090130_01.htm","Anomalous Coffee Machine"
"clifflisting.com","0","3000","垃圾链接农场 (出站链接数高达 3000 条，AS 仅 0 分)","🏆🏆Boost your Google rankings with Premium PBN & Link Building🏆🏆","https://clifflisting.com/all/251/28.html","High Quality Dofollow Backlinks DA 50 PA 40 Premium PBN Network Service anomalouscoffeemachine.io Rank First Page Google Fast SEO Link Building Buy Backlinks Online Cheap"
"cindylaup.com","0","3000","垃圾链接农场 (出站链接数高达 3000 条，AS 仅 0 分)","🏆🏆Boost your Google rankings with Premium PBN & Link Building🏆🏆","https://cindylaup.com/all/251/20.html","High Quality Dofollow Backlinks DA 50 PA 40 Premium PBN Network Service anomalouscoffeemachine.io Rank First Page Google Fast SEO Link Building Buy Backlinks Online Cheap"
"codeforphilly.live.k8s.phl.io","0","383","垃圾链接农场 (出站链接数高达 383 条，AS 仅 0 分)","Developing a Testing/Scoring Logic — Code for Philly","https://codeforphilly.live.k8s.phl.io/blog/developing_a_testing-scoring_logic","Anomalous Coffee Machine"
"dupurgeniefr.com","0","3000","垃圾链接农场 (出站链接数高达 3000 条，AS 仅 0 分)","🏆🏆Boost your Google rankings with Premium PBN & Link Building🏆🏆","https://dupurgeniefr.com/all/251/28.html","High Quality Dofollow Backlinks DA 50 PA 40 Premium PBN Network Service anomalouscoffeemachine.io Rank First Page Google Fast SEO Link Building Buy Backlinks Online Cheap"
"daechul.co.com","0","3000","垃圾链接农场 (出站链接数高达 3000 条，AS 仅 0 分)","🏆🏆Boost your Google rankings with Premium PBN & Link Building🏆🏆","https://daechul.co.com/all/251/28.html","High Quality Dofollow Backlinks DA 50 PA 40 Premium PBN Network Service anomalouscoffeemachine.io Rank First Page Google Fast SEO Link Building Buy Backlinks Online Cheap"
"bisprofit.com","0","3000","垃圾链接农场 (出站链接数高达 3000 条，AS 仅 0 分)","🏆🏆Boost your Google rankings with Premium PBN & Link Building🏆🏆","https://bisprofit.com/all/251/20.html","High Quality Dofollow Backlinks DA 50 PA 40 Premium PBN Network Service anomalouscoffeemachine.io Rank First Page Google Fast SEO Link Building Buy Backlinks Online Cheap"
"backlinksplace.site","0","3000","垃圾链接农场 (出站链接数高达 3000 条，AS 仅 0 分)","How Sidebar Links cleaned toxic links and grew traffic 40% for My Law Firm Money Site — Every Dollar Spent, Every Ranking Gained, Tracked — backlinksplace.site","https://backlinksplace.site/fzblhfj-best-automation-tools-b2b-2025-compared-7-providers-roi/","Scale anomalouscoffeemachine.io with guest posts, backlinks, on-page and local SEO, web development, SaaS tools and workflow automation tools, earning durable DR/DA/TF gains for local or global targets."
"blog.myesr.org","0","85","零权重批量垃圾链接农场 (如 blog.myesr.org)","Los casos de Dr. Pepe – Caso de Diploma 10 (Resuelto) | Blog","https://blog.myesr.org/espanol/los-casos-de-dr-pepe-caso-de-diploma-10/","Anomalous Coffee Machine"
"casinooftheking.com","0","3000","垃圾链接农场 (出站链接数高达 3000 条，AS 仅 0 分)","🏆🏆Boost your Google rankings with Premium PBN & Link Building🏆🏆","https://casinooftheking.com/all/251/28.html","High Quality Dofollow Backlinks DA 50 PA 40 Premium PBN Network Service anomalouscoffeemachine.io Rank First Page Google Fast SEO Link Building Buy Backlinks Online Cheap"
"breachviews.com","0","3000","垃圾链接农场 (出站链接数高达 3000 条，AS 仅 0 分)","🏆🏆Boost your Google rankings with Premium PBN & Link Building🏆🏆","https://breachviews.com/all/251/28.html","High Quality Dofollow Backlinks DA 50 PA 40 Premium PBN Network Service anomalouscoffeemachine.io Rank First Page Google Fast SEO Link Building Buy Backlinks Online Cheap"
