"域名","页面权威度(AS)","出站链接数","垃圾识别原因","来源页面标题","来源页面URL","锚文本"
"it.search.yahoo.com","24","19","搜索引擎 SERP 结果页，并非真实外部网站","Slaughterhouse - Risultati di Yahoo Italia Search","https://it.search.yahoo.com/yp/search?age=1m&ei=UTF-8&p=Slaughterhouse","pokerogue.cc › es PokeRogue | Un juego de Pokémon Rogue-lite"
"usa8-dev1.alpinelinux.org","11","6","黑帽寄生虫 / 劫持高权重机构二级域名","Pokerogue Calendar - DateZone","https://usa8-dev1.alpinelinux.org/en/pokerogue-calendar.html",""
"laurelstreetsmiles.com","2","2308","Telegram 批量卖外链广告/电报群叫卖农场","TELEGRAM @SEO_LINKK_ORDER – SEO BACKLINKS, HOMEPAGE LINKS, CROSSLINKS – yenbasingdmd","https://laurelstreetsmiles.com/telegram-seo-linkk-order-seo-backlinks-homepage-3-17/","TELEGRAM @SEO_LINKK_ORDER – SEO BACKLINKS, HOMEPAGE LINKS, CROSSLINKS"
"silva.adv.br","1","2505","Telegram 批量卖外链广告/电报群叫卖农场","TG @MASSLINKER | SOFTWARE TO PUBLISH BACKLINKS YOURSELF | MASSLINKER.COM « Silva Advogados – Curitiba – Paraná – (41) 3311-2476","http://silva.adv.br/tg-masslinker-software-to-publish-backlinks-2/","TG @MASSLINKER | SOFTWARE TO PUBLISH BACKLINKS YOURSELF | MASSLINKER.COM"
"optimizeflow.top","0","3500","垃圾链接农场 (出站链接数高达 3500 条，AS 仅 0 分)","✅ Website Stats 📊","https://optimizeflow.top/stats/85918","pokerogue.cc"
"pharmaglob-uae.com","0","2504","Telegram 批量卖外链广告/电报群叫卖农场","TG @MASSLINKER | SOFTWARE TO PUBLISH BACKLINKS YOURSELF | MASSLINKER.COM – Pharmaceutical Company","https://pharmaglob-uae.com/tg-masslinker-software-to-publish-backlinks-7/","TG @MASSLINKER | SOFTWARE TO PUBLISH BACKLINKS YOURSELF | MASSLINKER.COM"
"onlinenursingdegreenow.net","0","2302","Telegram 批量卖外链广告/电报群叫卖农场","TELEGRAM @SEO_LINKK_ORDER - SEO BACKLINKS, HOMEPAGE LINKS, CROSSLINKS - Online Nursing Degrees","https://onlinenursingdegreenow.net/telegram-seo-linkk-order-seo-backlinks-homepage-3-3/","TELEGRAM @SEO_LINKK_ORDER – SEO BACKLINKS, HOMEPAGE LINKS, CROSSLINKS"
"nutrindoconexao.com","0","2503","Telegram 批量卖外链广告/电报群叫卖农场","TG @MASSLINKER | SOFTWARE TO PUBLISH BACKLINKS YOURSELF | MASSLINKER.COM – Nutrindo Conexão","https://nutrindoconexao.com/tg-masslinker-software-to-publish-backlinks-5/","TG @MASSLINKER | SOFTWARE TO PUBLISH BACKLINKS YOURSELF | MASSLINKER.COM"
"onesupport.dk","0","2299","Telegram 批量卖外链广告/电报群叫卖农场","TELEGRAM @SEO_LINKK_ORDER – SEO BACKLINKS, HOMEPAGE LINKS, CROSSLINKS | One Support DK - Private PC & Mac Support","https://onesupport.dk/telegram-seo-linkk-order-seo-backlinks-homepage-3-24/","TELEGRAM @SEO_LINKK_ORDER – SEO BACKLINKS, HOMEPAGE LINKS, CROSSLINKS"
"photoenmarkarte.com","0","2301","Telegram 批量卖外链广告/电报群叫卖农场","TELEGRAM @SEO_LINKK_ORDER - SEO BACKLINKS, HOMEPAGE LINKS, CROSSLINKS | Photo EnmarKarte","https://photoenmarkarte.com/2026/03/05/telegram-seo-linkk-order-seo-backlinks-homepage-3-17/","TELEGRAM @SEO_LINKK_ORDER – SEO BACKLINKS, HOMEPAGE LINKS, CROSSLINKS"
"rkartsy.com","0","2500","Telegram 批量卖外链广告/电报群叫卖农场","TG @MASSLINKER | SOFTWARE TO PUBLISH BACKLINKS YOURSELF | MASSLINKER.COM – RKArtsy","https://rkartsy.com/tg-masslinker-software-to-publish-backlinks-7/","TG @MASSLINKER | SOFTWARE TO PUBLISH BACKLINKS YOURSELF | MASSLINKER.COM"
"sandovalandscaping.com","0","2501","Telegram 批量卖外链广告/电报群叫卖农场","TG @MASSLINKER | SOFTWARE TO PUBLISH BACKLINKS YOURSELF | MASSLINKER.COM – Sandoval Landscaping","https://sandovalandscaping.com/tg-masslinker-software-to-publish-backlinks-2/","TG @MASSLINKER | SOFTWARE TO PUBLISH BACKLINKS YOURSELF | MASSLINKER.COM"
"quero.party","0","3500","垃圾链接农场 (出站链接数高达 3500 条，AS 仅 0 分)","👲 Domain Report 👲","https://quero.party/report/85918","pokerogue.cc"
"qsoftware.io","0","2500","Telegram 批量卖外链广告/电报群叫卖农场","TG @MASSLINKER | SOFTWARE TO PUBLISH BACKLINKS YOURSELF | MASSLINKER.COM - Qsoftware Tech","https://qsoftware.io/tg-masslinker-software-to-publish-backlinks-7/","TG @MASSLINKER | SOFTWARE TO PUBLISH BACKLINKS YOURSELF | MASSLINKER.COM"
"quanghungceramic.vn","0","2502","Telegram 批量卖外链广告/电报群叫卖农场","TG @MASSLINKER | SOFTWARE TO PUBLISH BACKLINKS YOURSELF | MASSLINKER.COM - Quang Hưng - Gạch ốp lát và thiết bị vệ sinh TRỌN GÓI","https://quanghungceramic.vn/tg-masslinker-software-to-publish-backlinks-4/","TG @MASSLINKER | SOFTWARE TO PUBLISH BACKLINKS YOURSELF | MASSLINKER.COM"
"kenteamlogistics.com","0","2500","Telegram 批量卖外链广告/电报群叫卖农场","TG @MASSLINKER | SOFTWARE TO PUBLISH BACKLINKS YOURSELF | MASSLINKER.COM – Kenteam Logistics Limited","https://kenteamlogistics.com/tg-masslinker-software-to-publish-backlinks-7/","TG @MASSLINKER | SOFTWARE TO PUBLISH BACKLINKS YOURSELF | MASSLINKER.COM"
"knows.sbs","0","1973","垃圾链接农场 (出站链接数高达 1973 条，AS 仅 0 分)","seo domain research","https://knows.sbs/domain/domain/part/186152","pokerogue.cc"
"jabalamell.org","0","2502","Telegram 批量卖外链广告/电报群叫卖农场","TG @MASSLINKER | SOFTWARE TO PUBLISH BACKLINKS YOURSELF | MASSLINKER.COM - JABAL AMEL","https://jabalamell.org/2026/03/20/tg-masslinker-software-to-publish-backlinks-6/","TG @MASSLINKER | SOFTWARE TO PUBLISH BACKLINKS YOURSELF | MASSLINKER.COM"
"hgtactical.net","0","2312","Telegram 批量卖外链广告/电报群叫卖农场","TELEGRAM @SEO_LINKK_ORDER – SEO BACKLINKS, HOMEPAGE LINKS, CROSSLINKS – HG Tactical Firearms Training","https://hgtactical.net/telegram-seo-linkk-order-seo-backlinks-homepage-3-19/","TELEGRAM @SEO_LINKK_ORDER – SEO BACKLINKS, HOMEPAGE LINKS, CROSSLINKS"
"hilcodc.com","0","2301","Telegram 批量卖外链广告/电报群叫卖农场","TELEGRAM @SEO_LINKK_ORDER - SEO BACKLINKS, HOMEPAGE LINKS, CROSSLINKS - Hilco D&C - ฮิลโก้ ดีแอนด์ซี","https://hilcodc.com/telegram-seo-linkk-order-seo-backlinks-homepage-3-18/","TELEGRAM @SEO_LINKK_ORDER – SEO BACKLINKS, HOMEPAGE LINKS, CROSSLINKS"
"kynologie.slavicin.org","0","2501","Telegram 批量卖外链广告/电报群叫卖农场","TG @MASSLINKER | SOFTWARE TO PUBLISH BACKLINKS YOURSELF | MASSLINKER.COM – Kynologie Slavičín","https://kynologie.slavicin.org/2026/03/20/tg-masslinker-software-to-publish-backlinks-7/","TG @MASSLINKER | SOFTWARE TO PUBLISH BACKLINKS YOURSELF | MASSLINKER.COM"
"metamagic.top","0","3500","垃圾链接农场 (出站链接数高达 3500 条，AS 仅 0 分)","✅ Website Stats 📊","https://metamagic.top/stats/85917","pokerogue.cc"
"newsblogsports.site","0","3004","垃圾链接农场 (出站链接数高达 3004 条，AS 仅 0 分)","Best Tool for Pinterest SiteToSocial Fully Automated AI Generated Pins Grow Your Website Traffic","https://newsblogsports.site/all/394/13","Best Pinterest Tool SiteToSocial.com to Grow Your Website Traffic Fully Automated"
"lucaskund.ilait-reseller.com","0","2503","Telegram 批量卖外链广告/电报群叫卖农场","TG @MASSLINKER | SOFTWARE TO PUBLISH BACKLINKS YOURSELF | MASSLINKER.COM – LucasKund","https://lucaskund.ilait-reseller.com/2026/02/05/tg-masslinker-software-to-publish-backlinks-2/","TG @MASSLINKER | SOFTWARE TO PUBLISH BACKLINKS YOURSELF | MASSLINKER.COM"
"live.eden-court.co.uk","0","5","黑帽寄生虫 / 劫持高权重机构二级域名","Pokerogue Calendar - Calendar Guide","https://live.eden-court.co.uk/calendar/pokerogue-calendar.html",""
"loadingramp.in","0","2504","Telegram 批量卖外链广告/电报群叫卖农场","TG @MASSLINKER | SOFTWARE TO PUBLISH BACKLINKS YOURSELF | MASSLINKER.COM - Sohal Engineering","https://loadingramp.in/tg-masslinker-software-to-publish-backlinks-7/","TG @MASSLINKER | SOFTWARE TO PUBLISH BACKLINKS YOURSELF | MASSLINKER.COM"
"sapphirevpn.net","0","3000","垃圾链接农场 (出站链接数高达 3000 条，AS 仅 0 分)","🏆🏆Boost your Google rankings with Premium PBN & Link Building🏆🏆","https://sapphirevpn.net/all/50/23.html","High Quality Dofollow Backlinks DA 50 PA 40 Premium PBN Network Service pokerogue.cc Rank First Page Google Fast SEO Link Building Buy Backlinks Online Cheap"
"www.ezzycann.com","0","2510","Telegram 批量卖外链广告/电报群叫卖农场","TG @MASSLINKER | SOFTWARE TO PUBLISH BACKLINKS YOURSELF | MASSLINKER.COM – EzzyCann | YouTuber | Tech Videos","https://www.ezzycann.com/tg-masslinker-software-to-publish-backlinks-2/","TG @MASSLINKER | SOFTWARE TO PUBLISH BACKLINKS YOURSELF | MASSLINKER.COM"
"www.fabiomelis.it","0","2504","Telegram 批量卖外链广告/电报群叫卖农场","TG @MASSLINKER | SOFTWARE TO PUBLISH BACKLINKS YOURSELF | MASSLINKER.COM – Fabio Melis","https://www.fabiomelis.it/2026/02/05/tg-masslinker-software-to-publish-backlinks-2/","TG @MASSLINKER | SOFTWARE TO PUBLISH BACKLINKS YOURSELF | MASSLINKER.COM"
"ws2.existentialcomics.com","0","5","黑帽寄生虫 / 劫持高权重机构二级域名","Pokerogue Gacha Calendar - ws2.existentialcomics.com","https://ws2.existentialcomics.com/en/pokerogue-gacha-calendar.html","PokeRogue Un juego de Pokémon Roguelite"
"urls-shortener.eu","0","3500","垃圾链接农场 (出站链接数高达 3500 条，AS 仅 0 分)","❤️ URL Shared ❤️","https://urls-shortener.eu/share/85918","pokerogue.cc"
"websites.freemyip.com","0","3500","垃圾链接农场 (出站链接数高达 3500 条，AS 仅 0 分)","❤️ URL Shared ❤️","https://websites.freemyip.com/share/85917","pokerogue.cc"
"www.kmcsteelmesh.com","0","2503","Telegram 批量卖外链广告/电报群叫卖农场","TG @MASSLINKER | SOFTWARE TO PUBLISH BACKLINKS YOURSELF | MASSLINKER.COM – kmcsteelmesh.com","https://www.kmcsteelmesh.com/2026/02/05/tg-masslinker-software-to-publish-backlinks-2/","TG @MASSLINKER | SOFTWARE TO PUBLISH BACKLINKS YOURSELF | MASSLINKER.COM"
"www.worldmovingbolivia.com","0","2299","Telegram 批量卖外链广告/电报群叫卖农场","TELEGRAM @SEO_LINKK_ORDER – SEO BACKLINKS, HOMEPAGE LINKS, CROSSLINKS – World Moving Bolivia","https://www.worldmovingbolivia.com/2026/03/05/telegram-seo-linkk-order-seo-backlinks-homepage-3-17/","TELEGRAM @SEO_LINKK_ORDER – SEO BACKLINKS, HOMEPAGE LINKS, CROSSLINKS"
"www.xiumeimodels.com","0","2303","Telegram 批量卖外链广告/电报群叫卖农场","TELEGRAM @SEO_LINKK_ORDER – SEO BACKLINKS, HOMEPAGE LINKS, CROSSLINKS – Xiumei model","https://www.xiumeimodels.com/telegram-seo-linkk-order-seo-backlinks-homepage-3/","TELEGRAM @SEO_LINKK_ORDER – SEO BACKLINKS, HOMEPAGE LINKS, CROSSLINKS"
"www.villaawards.gr","0","2502","Telegram 批量卖外链广告/电报群叫卖农场","Villa Awards | TG @MASSLINKER | SOFTWARE TO PUBLISH BACKLINKS YOURSELF | MASSLINKER.COM","https://www.villaawards.gr/tg-masslinker-software-to-publish-backlinks-2/","TG @MASSLINKER | SOFTWARE TO PUBLISH BACKLINKS YOURSELF | MASSLINKER.COM"
"www.petlovestudio.com","0","2301","Telegram 批量卖外链广告/电报群叫卖农场","TELEGRAM @SEO_LINKK_ORDER - SEO BACKLINKS, HOMEPAGE LINKS, CROSSLINKS - PetLoveStudio","https://www.petlovestudio.com/telegram-seo-linkk-order-seo-backlinks-homepage-3-9/","TELEGRAM @SEO_LINKK_ORDER – SEO BACKLINKS, HOMEPAGE LINKS, CROSSLINKS"
"www.ready.pro","0","3500","垃圾链接农场 (出站链接数高达 3500 条，AS 仅 0 分)","✅ Website Stats 📊","https://www.ready.pro/stats/85917","pokerogue.cc"
"sona.wiki","0","66","AS=0 且出站链接高达 66 条的死链农场","마롱제니 - 소나위키","https://sona.wiki/w/%EB%A7%88%EB%A1%B1%EC%A0%9C%EB%8B%88","파일:포켓로그 위키 로고.png 파일:포켓로그 위키 로고.png"
"supergirosguajiranorte.com.co","0","2305","Telegram 批量卖外链广告/电报群叫卖农场","TELEGRAM @SEO_LINKK_ORDER - SEO BACKLINKS, HOMEPAGE LINKS, CROSSLINKS - SuperGIROS Guajira Norte","https://supergirosguajiranorte.com.co/telegram-seo-linkk-order-seo-backlinks-homepage-3-3/","TELEGRAM @SEO_LINKK_ORDER – SEO BACKLINKS, HOMEPAGE LINKS, CROSSLINKS"
"sofaandcarpetcleaning.com","0","2506","Telegram 批量卖外链广告/电报群叫卖农场","TG @MASSLINKER | SOFTWARE TO PUBLISH BACKLINKS YOURSELF | MASSLINKER.COM - Sofa Carpet Cleaning Services Dubai Sharjah Ajman - Xpert Cleaning","https://sofaandcarpetcleaning.com/tg-masslinker-software-to-publish-backlinks-5/","TG @MASSLINKER | SOFTWARE TO PUBLISH BACKLINKS YOURSELF | MASSLINKER.COM"
"screenshots.wiki","0","3500","垃圾链接农场 (出站链接数高达 3500 条，AS 仅 0 分)","👲 Domain Report 👲","https://screenshots.wiki/report/85918","pokerogue.cc"
"sites.jake.eu","0","3500","垃圾链接农场 (出站链接数高达 3500 条，AS 仅 0 分)","❤️ URL Shared ❤️","https://sites.jake.eu/share/85917","pokerogue.cc"
"test.desa.com.my","0","2299","Telegram 批量卖外链广告/电报群叫卖农场","TELEGRAM @SEO_LINKK_ORDER – SEO BACKLINKS, HOMEPAGE LINKS, CROSSLINKS – My Blog","https://test.desa.com.my/wp/2026/03/05/telegram-seo-linkk-order-seo-backlinks-homepage-3-9/","TELEGRAM @SEO_LINKK_ORDER – SEO BACKLINKS, HOMEPAGE LINKS, CROSSLINKS"
"unclesnuffyesv.blogspot.com","0","13512","垃圾链接农场 (出站链接数高达 13512 条，AS 仅 0 分)","UncleSnuffyes","https://unclesnuffyesv.blogspot.com/","pokerogue.cc"
"upcincorp.com","0","4356","Telegram 批量卖外链广告/电报群叫卖农场","admnlxgxn – Página 22 – United Perfonmance","https://upcincorp.com/author/admnlxgxn/page/22/","TELEGRAM @SEO_LINKK_ORDER – SEO BACKLINKS, HOMEPAGE LINKS, CROSSLINKS"
"tsmcjobs.com","0","2500","Telegram 批量卖外链广告/电报群叫卖农场","TG @MASSLINKER | SOFTWARE TO PUBLISH BACKLINKS YOURSELF | MASSLINKER.COM - TSMC JOBS","https://tsmcjobs.com/tg-masslinker-software-to-publish-backlinks-6/","TG @MASSLINKER | SOFTWARE TO PUBLISH BACKLINKS YOURSELF | MASSLINKER.COM"
"testsub.watrbar.io","0","22344","Telegram 批量卖外链广告/电报群叫卖农场","masslinker – WATRBAR","https://testsub.watrbar.io/category/masslinker/","TG @MASSLINKER | SOFTWARE TO PUBLISH BACKLINKS YOURSELF | MASSLINKER.COM"
"toplikevideo.com","0","3028","垃圾链接农场 (出站链接数高达 3028 条，AS 仅 0 分)","High-quality backlink service 2024/05/03/4 | toplikevideo.com","https://toplikevideo.com/list.php?part=2024%2F05%2F03%2F4","pokerogue.cc"
"travelgatesl.com","0","2505","Telegram 批量卖外链广告/电报群叫卖农场","TG @MASSLINKER | SOFTWARE TO PUBLISH BACKLINKS YOURSELF | MASSLINKER.COM – Travel Gate","http://travelgatesl.com/?p=63538","TG @MASSLINKER | SOFTWARE TO PUBLISH BACKLINKS YOURSELF | MASSLINKER.COM"
"trendyhealthtimes.com","0","3000","垃圾链接农场 (出站链接数高达 3000 条，AS 仅 0 分)","🏆🏆Boost your Google rankings with Premium PBN & Link Building🏆🏆","http://trendyhealthtimes.com/all/50/23.html","High Quality Dofollow Backlinks DA 50 PA 40 Premium PBN Network Service pokerogue.cc Rank First Page Google Fast SEO Link Building Buy Backlinks Online Cheap"
"takes.sbs","0","1973","垃圾链接农场 (出站链接数高达 1973 条，AS 仅 0 分)","seo domain research","http://takes.sbs/domain/domain/part/186152","pokerogue.cc"
"saikohayama.com","0","2301","Telegram 批量卖外链广告/电报群叫卖农场","TELEGRAM @SEO_LINKK_ORDER – SEO BACKLINKS, HOMEPAGE LINKS, CROSSLINKS | 骨董屋 嫁の裏話","http://saikohayama.com/telegram-seo-linkk-order-seo-backlinks-homepage-3-15/","TELEGRAM @SEO_LINKK_ORDER – SEO BACKLINKS, HOMEPAGE LINKS, CROSSLINKS"
"seodomains.website","0","1973","垃圾链接农场 (出站链接数高达 1973 条，AS 仅 0 分)","seo domain research","http://seodomains.website/domain/domain/part/186152","pokerogue.cc"
"veljko.code011.com","0","2503","Telegram 批量卖外链广告/电报群叫卖农场","TG @MASSLINKER | SOFTWARE TO PUBLISH BACKLINKS YOURSELF | MASSLINKER.COM – ОШ ”Вељко Дугошевић”, Београд","http://veljko.code011.com/tg-masslinker-software-to-publish-backlinks-2/","TG @MASSLINKER | SOFTWARE TO PUBLISH BACKLINKS YOURSELF | MASSLINKER.COM"
"www.morikouji.jp","0","2507","Telegram 批量卖外链广告/电报群叫卖农场","TG @MASSLINKER | SOFTWARE TO PUBLISH BACKLINKS YOURSELF | MASSLINKER.COM | 愛知県あま市議会議員 森こうじ","http://www.morikouji.jp/masslinker/32018.html","TG @MASSLINKER | SOFTWARE TO PUBLISH BACKLINKS YOURSELF | MASSLINKER.COM"
"www.seol.store","0","1973","Telegram 批量卖外链广告/电报群叫卖农场","seo domain research","http://www.seol.store/domain/domain/part/186152","pokerogue.cc"
"www.lostinmyreverie.com.au","0","2508","Telegram 批量卖外链广告/电报群叫卖农场","TG @MASSLINKER | SOFTWARE TO PUBLISH BACKLINKS YOURSELF | MASSLINKER.COM | Lost In My Reverie","http://www.lostinmyreverie.com.au/blog/2026/02/06/tg-masslinker-software-to-publish-backlinks-2/","TG @MASSLINKER | SOFTWARE TO PUBLISH BACKLINKS YOURSELF | MASSLINKER.COM"
"wants.cfd","0","5041","垃圾链接农场 (出站链接数高达 5041 条，AS 仅 0 分)","seo domain research","http://wants.cfd/domain/domain/part/186152","pokerogue.cc"
"www.idilaguna.com","0","2504","Telegram 批量卖外链广告/电报群叫卖农场","TG @MASSLINKER | SOFTWARE TO PUBLISH BACKLINKS YOURSELF | MASSLINKER.COM | INSTITUTO DE DESARROLLO INTEGRAL","http://www.idilaguna.com/tg-masslinker-software-to-publish-backlinks-2/","TG @MASSLINKER | SOFTWARE TO PUBLISH BACKLINKS YOURSELF | MASSLINKER.COM"
"knows.monster","0","1973","垃圾链接农场 (出站链接数高达 1973 条，AS 仅 0 分)","seo domain research","http://knows.monster/domain/domain/part/186152","pokerogue.cc"
"ladyskfashion.com","0","2300","Telegram 批量卖外链广告/电报群叫卖农场","TELEGRAM @SEO_LINKK_ORDER – SEO BACKLINKS, HOMEPAGE LINKS, CROSSLINKS","http://ladyskfashion.com/asx/telegram-seo-linkk-order-seo-backlinks-homepage-3-17/","TELEGRAM @SEO_LINKK_ORDER – SEO BACKLINKS, HOMEPAGE LINKS, CROSSLINKS"
"innovativedigisolutions.com","0","2502","Telegram 批量卖外链广告/电报群叫卖农场","TG @MASSLINKER | SOFTWARE TO PUBLISH BACKLINKS YOURSELF | MASSLINKER.COM","http://innovativedigisolutions.com/tg-masslinker-software-to-publish-backlinks-2/","TG @MASSLINKER | SOFTWARE TO PUBLISH BACKLINKS YOURSELF | MASSLINKER.COM"
"aneuinfo.org","0","2509","Telegram 批量卖外链广告/电报群叫卖农场","TG @MASSLINKER | SOFTWARE TO PUBLISH BACKLINKS YOURSELF | MASSLINKER.COM - Aneuinfo - Asociación Nacional de Estudiantes Uasdianos De Informática","http://aneuinfo.org/2026/02/05/tg-masslinker-software-to-publish-backlinks-2/","TG @MASSLINKER | SOFTWARE TO PUBLISH BACKLINKS YOURSELF | MASSLINKER.COM"
"goooogla.com","0","9998","垃圾链接农场 (出站链接数高达 9998 条，AS 仅 0 分)","Directory Pages Index","http://goooogla.com/best-for-ranking-dfgxekseo/fgkjfeseo/","pokerogue.cc"
"lapulguia.mx","0","8958","Telegram 批量卖外链广告/电报群叫卖农场","Ivan Valdes | La pulguia | Página 42","http://lapulguia.mx/wp/?author=3&paged=42","TG @MASSLINKER | SOFTWARE TO PUBLISH BACKLINKS YOURSELF | MASSLINKER.COM"
"qwenterprise.com","0","3000","垃圾链接农场 (出站链接数高达 3000 条，AS 仅 0 分)","🏆🏆Boost your Google rankings with Premium PBN & Link Building🏆🏆","http://qwenterprise.com/all/50/23.html","High Quality Dofollow Backlinks DA 50 PA 40 Premium PBN Network Service pokerogue.cc Rank First Page Google Fast SEO Link Building Buy Backlinks Online Cheap"
"rdxextremez.com","0","3000","垃圾链接农场 (出站链接数高达 3000 条，AS 仅 0 分)","🏆🏆Boost your Google rankings with Premium PBN & Link Building🏆🏆","http://rdxextremez.com/all/50/23.html","High Quality Dofollow Backlinks DA 50 PA 40 Premium PBN Network Service pokerogue.cc Rank First Page Google Fast SEO Link Building Buy Backlinks Online Cheap"
"portailorange.net","0","3000","垃圾链接农场 (出站链接数高达 3000 条，AS 仅 0 分)","🏆🏆Boost your Google rankings with Premium PBN & Link Building🏆🏆","http://portailorange.net/all/50/23.html","High Quality Dofollow Backlinks DA 50 PA 40 Premium PBN Network Service pokerogue.cc Rank First Page Google Fast SEO Link Building Buy Backlinks Online Cheap"
"limonetworkonline.com","0","2300","Telegram 批量卖外链广告/电报群叫卖农场","TELEGRAM @SEO_LINKK_ORDER – SEO BACKLINKS, HOMEPAGE LINKS, CROSSLINKS – My blog","http://limonetworkonline.com/?p=62061","TELEGRAM @SEO_LINKK_ORDER – SEO BACKLINKS, HOMEPAGE LINKS, CROSSLINKS"
"mytestingbro.triple9express.com","0","2306","Telegram 批量卖外链广告/电报群叫卖农场","TELEGRAM @SEO_LINKK_ORDER – SEO BACKLINKS, HOMEPAGE LINKS, CROSSLINKS – Prince","http://mytestingbro.triple9express.com/index.php/2026/03/05/telegram-seo-linkk-order-seo-backlinks-homepage-3-18/","TELEGRAM @SEO_LINKK_ORDER – SEO BACKLINKS, HOMEPAGE LINKS, CROSSLINKS"
"www.trantinopneumatici.it","0","2301","Telegram 批量卖外链广告/电报群叫卖农场","TELEGRAM @SEO_LINKK_ORDER - SEO BACKLINKS, HOMEPAGE LINKS, CROSSLINKS - VINCENZO TRANTINO","http://www.trantinopneumatici.it/2026/03/05/telegram-seo-linkk-order-seo-backlinks-homepage-3-4/","TELEGRAM @SEO_LINKK_ORDER – SEO BACKLINKS, HOMEPAGE LINKS, CROSSLINKS"
"condopropertylaunch.com","0","3191","Telegram 批量卖外链广告/电报群叫卖农场","TELEGRAM @SEO_LINKK_ORDER – SEO BACKLINKS, HOMEPAGE LINKS, CROSSLINKS – CondoPropertyLaunch","https://condopropertylaunch.com/telegram-seo-linkk-order-seo-backlinks-homepage-3-3/","TELEGRAM @SEO_LINKK_ORDER – SEO BACKLINKS, HOMEPAGE LINKS, CROSSLINKS"
"creativeposts.top","0","3500","垃圾链接农场 (出站链接数高达 3500 条，AS 仅 0 分)","✅ Website Stats 📊","https://creativeposts.top/stats/85917","pokerogue.cc"
"clichefashion.com","0","2503","Telegram 批量卖外链广告/电报群叫卖农场","TG @MASSLINKER | SOFTWARE TO PUBLISH BACKLINKS YOURSELF | MASSLINKER.COM - clichefashion","https://clichefashion.com/tg-masslinker-software-to-publish-backlinks-7/","TG @MASSLINKER | SOFTWARE TO PUBLISH BACKLINKS YOURSELF | MASSLINKER.COM"
"call.theoptimalplumber.com","0","2503","Telegram 批量卖外链广告/电报群叫卖农场","TG @MASSLINKER | SOFTWARE TO PUBLISH BACKLINKS YOURSELF | MASSLINKER.COM – Optimal Plumbing Solutions","https://call.theoptimalplumber.com/2026/02/05/tg-masslinker-software-to-publish-backlinks-2/","TG @MASSLINKER | SOFTWARE TO PUBLISH BACKLINKS YOURSELF | MASSLINKER.COM"
"carbonchemist.com","0","7503","Telegram 批量卖外链广告/电报群叫卖农场","xtw183874b04 – Page 1308 – Carbon Chemist","https://carbonchemist.com/author/xtw183874b04/page/1308/","TG @MASSLINKER | SOFTWARE TO PUBLISH BACKLINKS YOURSELF | MASSLINKER.COM"
"delisatravels.com","0","2300","Telegram 批量卖外链广告/电报群叫卖农场","TELEGRAM @SEO_LINKK_ORDER - SEO BACKLINKS, HOMEPAGE LINKS, CROSSLINKS | We make Travel fun","https://delisatravels.com/?p=24587","TELEGRAM @SEO_LINKK_ORDER – SEO BACKLINKS, HOMEPAGE LINKS, CROSSLINKS"
"fiverr-quality-seo-at-affordable-rates.site","0","5001","垃圾链接农场 (出站链接数高达 5001 条，AS 仅 0 分)","Thanks to Fiverr Backlinks, I Ranked Top 5 for Several Keywords 📊 5-Star","https://fiverr-quality-seo-at-affordable-rates.site/fiverr-backlinks-helped-me-rank-top-5-for-several-keywords/","Fiverr helped my pokerogue.cc achieve a top position #2 for critical search terms 🏆"
"freeketorecipes.paiaxis.com","0","2503","Telegram 批量卖外链广告/电报群叫卖农场","TG @MASSLINKER | SOFTWARE TO PUBLISH BACKLINKS YOURSELF | MASSLINKER.COM – Deliciously Easy Keto Recipes","https://freeketorecipes.paiaxis.com/tg-masslinker-software-to-publish-backlinks-2/","TG @MASSLINKER | SOFTWARE TO PUBLISH BACKLINKS YOURSELF | MASSLINKER.COM"
"espacomulhermais.com.br","0","2500","Telegram 批量卖外链广告/电报群叫卖农场","TG @MASSLINKER | SOFTWARE TO PUBLISH BACKLINKS YOURSELF | MASSLINKER.COM - Espaço Mulher Mais","https://espacomulhermais.com.br/tg-masslinker-software-to-publish-backlinks-6/","TG @MASSLINKER | SOFTWARE TO PUBLISH BACKLINKS YOURSELF | MASSLINKER.COM"
"digipixel.com.ar","0","2502","Telegram 批量卖外链广告/电报群叫卖农场","TG @MASSLINKER | SOFTWARE TO PUBLISH BACKLINKS YOURSELF | MASSLINKER.COM - Digipixel","https://digipixel.com.ar/tg-masslinker-software-to-publish-backlinks-2/","TG @MASSLINKER | SOFTWARE TO PUBLISH BACKLINKS YOURSELF | MASSLINKER.COM"
"drjack.world","0","3500","垃圾链接农场 (出站链接数高达 3500 条，AS 仅 0 分)","👲 Domain Report 👲","https://drjack.world/report/85917","pokerogue.cc"
"anchorurl.cloud","0","3500","垃圾链接农场 (出站链接数高达 3500 条，AS 仅 0 分)","❤️ URL Shared ❤️","https://anchorurl.cloud/share/85917","pokerogue.cc"
"avnfans.com","0","7504","Telegram 批量卖外链广告/电报群叫卖农场","AVN FANS – Page 143 – AVNFANS","https://avnfans.com/author/avnfans/page/143/","TG @MASSLINKER | SOFTWARE TO PUBLISH BACKLINKS YOURSELF | MASSLINKER.COM"
"analyticshaven.top","0","3500","垃圾链接农场 (出站链接数高达 3500 条，AS 仅 0 分)","✅ Website Stats 📊","https://analyticshaven.top/stats/85917","pokerogue.cc"
"8coint.com","0","3028","垃圾链接农场 (出站链接数高达 3028 条，AS 仅 0 分)","High-quality backlink service 2024/05/03/4 | 8coint.com","https://8coint.com/list.php?part=2024%2F05%2F03%2F4","pokerogue.cc"
"aanderud.net","0","2301","Telegram 批量卖外链广告/电报群叫卖农场","TELEGRAM @SEO_LINKK_ORDER – SEO BACKLINKS, HOMEPAGE LINKS, CROSSLINKS – Hacked By xploitednoob","https://aanderud.net/2026/03/05/telegram-seo-linkk-order-seo-backlinks-homepage-3-2/","TELEGRAM @SEO_LINKK_ORDER – SEO BACKLINKS, HOMEPAGE LINKS, CROSSLINKS"
"backlinks-checker.com","0","3500","垃圾链接农场 (出站链接数高达 3500 条，AS 仅 0 分)","❤️ URL Shared ❤️","https://backlinks-checker.com/share/85918","pokerogue.cc"
"bye.fyi","0","3500","垃圾链接农场 (出站链接数高达 3500 条，AS 仅 0 分)","👲 Domain Report 👲","https://bye.fyi/report/85917","pokerogue.cc"
"byteshort.xyz","0","3500","垃圾链接农场 (出站链接数高达 3500 条，AS 仅 0 分)","👲 Domain Report 👲","https://byteshort.xyz/report/85917","pokerogue.cc"
"buzzshrink.website","0","3500","垃圾链接农场 (出站链接数高达 3500 条，AS 仅 0 分)","❤️ URL Shared ❤️","https://buzzshrink.website/share/85917","pokerogue.cc"
"blinks.monster","0","1973","垃圾链接农场 (出站链接数高达 1973 条，AS 仅 0 分)","seo domain research","https://blinks.monster/domain/domain/part/186152","pokerogue.cc"
"blogsphere.top","0","3500","垃圾链接农场 (出站链接数高达 3500 条，AS 仅 0 分)","✅ Website Stats 📊","https://blogsphere.top/stats/85918","pokerogue.cc"
