"域名","页面权威度(AS)","外链分类大类","推荐优先级","来源页面标题","来源页面URL","竞品目标URL","锚文本","是否Nofollow","实操抄作业指南"
"m.blog.naver.com","22","1. 博客与玩家测评 (Blog & Reviews)","P0 (核心优先)","포켓몬 팬메이드 로그라이크 게임 (PokeRogue) - 무료 : 네이버 블로그","https://m.blog.naver.com/byecomeon/223473050199","https://pokerogue.cc/ko","링크","false","独立博客/玩家测评！去文章下发表正规评论带网址，或给博客作者发 OutReach 邮件申请测评你的游戏。"
"unclesnuffyesv.blogspot.com","0","1. 博客与玩家测评 (Blog & Reviews)","P0 (核心优先)","UncleSnuffyes","https://unclesnuffyesv.blogspot.com/","https://pokerogue.cc/","pokerogue.cc","true","独立博客/玩家测评！去文章下发表正规评论带网址，或给博客作者发 OutReach 邮件申请测评你的游戏。"
"limonetworkonline.com","0","1. 博客与玩家测评 (Blog & Reviews)","P0 (核心优先)","TELEGRAM @SEO_LINKK_ORDER – SEO BACKLINKS, HOMEPAGE LINKS, CROSSLINKS – My blog","http://limonetworkonline.com/?p=62061","https://pokerogue.cc/ko","TELEGRAM @SEO_LINKK_ORDER – SEO BACKLINKS, HOMEPAGE LINKS, CROSSLINKS","true","独立博客/玩家测评！去文章下发表正规评论带网址，或给博客作者发 OutReach 邮件申请测评你的游戏。"
"goooogla.com","0","2. 导航和资源目录 (Directories & Catalogs)","P0 (核心优先)","Directory Pages Index","http://goooogla.com/best-for-ranking-dfgxekseo/fgkjfeseo/","https://pokerogue.cc/","pokerogue.cc","true","游戏目录与学校 Unblocked 导航站！直接免费注册提交你的游戏链接或将 /unblocked.html 专属页提交入驻。"
"www.lostinmyreverie.com.au","0","1. 博客与玩家测评 (Blog & Reviews)","P0 (核心优先)","TG @MASSLINKER | SOFTWARE TO PUBLISH BACKLINKS YOURSELF | MASSLINKER.COM | Lost In My Reverie","http://www.lostinmyreverie.com.au/blog/2026/02/06/tg-masslinker-software-to-publish-backlinks-2/","https://pokerogue.cc/ko","TG @MASSLINKER | SOFTWARE TO PUBLISH BACKLINKS YOURSELF | MASSLINKER.COM","true","独立博客/玩家测评！去文章下发表正规评论带网址，或给博客作者发 OutReach 邮件申请测评你的游戏。"
"dirbear.com","0","2. 导航和资源目录 (Directories & Catalogs)","P0 (核心优先)","Pokerogue — Bear Rank 16/100 | Directory Bear","https://dirbear.com/w/55/pokerogue.cc/","https://pokerogue.cc/","Visit Website →","true","游戏目录与学校 Unblocked 导航站！直接免费注册提交你的游戏链接或将 /unblocked.html 专属页提交入驻。"
"test.desa.com.my","0","1. 博客与玩家测评 (Blog & Reviews)","P0 (核心优先)","TELEGRAM @SEO_LINKK_ORDER – SEO BACKLINKS, HOMEPAGE LINKS, CROSSLINKS – My Blog","https://test.desa.com.my/wp/2026/03/05/telegram-seo-linkk-order-seo-backlinks-homepage-3-9/","https://pokerogue.cc/ko","TELEGRAM @SEO_LINKK_ORDER – SEO BACKLINKS, HOMEPAGE LINKS, CROSSLINKS","true","独立博客/玩家测评！去文章下发表正规评论带网址，或给博客作者发 OutReach 邮件申请测评你的游戏。"
"g0ddy.com","13","4. 客座投稿与媒体软文 (Guest Posts & Media)","P2 (长尾观察)","","http://g0ddy.com/145665/%E3%80%8APok%C3%A9Rogue%E3%80%8B%E5%AE%8C%E6%95%B4%E6%94%BB%E7%95%A5%E5%A4%A7%E5%85%A8","https://pokerogue.cc/tw","","false","小型独立软文/泛娱乐站点，完成 P0/P1 后有空余精力时再尝试联系合作。"
"www.cool-style.com.tw","10","4. 客座投稿与媒体软文 (Guest Posts & Media)","P2 (长尾观察)","精神時光屋！所有人都在玩的免費網頁遊戲「寶可夢肉鴿」《PokéRogue》！","https://www.cool-style.com.tw/wd2/archives/1083263-%E7%B2%BE%E7%A5%9E%E6%99%82%E5%85%89%E5%B1%8B%EF%BC%81%E6%89%80%E6%9C%89%E4%BA%BA%E9%83%BD%E5%9C%A8%E7%8E%A9%E7%9A%84%E5%85%8D%E8%B2%BB%E7%B6%B2%E9%A0%81%E9%81%8A%E6%88%B2%E3%80%8C%E5%AF%B6%E5%8F%AF","https://pokerogue.cc/tw","https://pokerogue.cc/tw","false","小型独立软文/泛娱乐站点，完成 P0/P1 后有空余精力时再尝试联系合作。"
"clickme.net","10","4. 客座投稿与媒体软文 (Guest Posts & Media)","P2 (长尾观察)","免費寶可夢遊戲？精神時光屋《PokéRogue》陷入寶可夢對戰的肉鴿回合中！ | 點我一下","https://clickme.net/60705","https://pokerogue.cc/tw","​​​​​​​《PokéRogue》完整攻略大全","false","小型独立软文/泛娱乐站点，完成 P0/P1 后有空余精力时再尝试联系合作。"
"157.203.186.35.bc.googleusercontent.com","6","4. 客座投稿与媒体软文 (Guest Posts & Media)","P2 (长尾观察)","PokéRogue: Classic Game Mode Tips and Tricks","https://157.203.186.35.bc.googleusercontent.com/articles/pok-rogue-classic-game-mode-tips-and-tricks","https://pokerogue.cc/blogs/pokerogue-biomes","blog","false","小型独立软文/泛娱乐站点，完成 P0/P1 后有空余精力时再尝试联系合作。"
"vpn.bethnalgreenventures.com","5","4. 客座投稿与媒体软文 (Guest Posts & Media)","P2 (长尾观察)","Pokerogue Legendary Calendar","https://vpn.bethnalgreenventures.com/en/pokerogue-legendary-calendar.html","https://pokerogue.cc/blogs/pokerogue_fighting_endless.png","An endless starter guide for Pokérogue","false","小型独立软文/泛娱乐站点，完成 P0/P1 后有空余精力时再尝试联系合作。"
"www.gameleap.com","5","4. 客座投稿与媒体软文 (Guest Posts & Media)","P2 (长尾观察)","PokéRogue: Classic Game Mode Tips and Tricks","https://www.gameleap.com/articles/pok-rogue-classic-game-mode-tips-and-tricks","https://pokerogue.cc/blogs/pokerogue-biomes","blog","false","小型独立软文/泛娱乐站点，完成 P0/P1 后有空余精力时再尝试联系合作。"
"msztodel105.europe-west1.gcp.storefrontcloud.io","4","4. 客座投稿与媒体软文 (Guest Posts & Media)","P2 (长尾观察)","PokéRogue: Classic Game Mode Tips and Tricks","https://msztodel105.europe-west1.gcp.storefrontcloud.io/articles/pok-rogue-classic-game-mode-tips-and-tricks","https://pokerogue.cc/blogs/pokerogue-biomes","blog","false","小型独立软文/泛娱乐站点，完成 P0/P1 后有空余精力时再尝试联系合作。"
"woy.ai","3","4. 客座投稿与媒体软文 (Guest Posts & Media)","P2 (长尾观察)","PokéRogue: لعبة: مزيج فريد بين Pokémon وRogue-lite | Woy.ai","https://woy.ai/ar/p/pokerogue","https://pokerogue.cc/","فتح PokéRogue","false","小型独立软文/泛娱乐站点，完成 P0/P1 后有空余精力时再尝试联系合作。"
"laurelstreetsmiles.com","2","4. 客座投稿与媒体软文 (Guest Posts & Media)","P2 (长尾观察)","TELEGRAM @SEO_LINKK_ORDER – SEO BACKLINKS, HOMEPAGE LINKS, CROSSLINKS – yenbasingdmd","https://laurelstreetsmiles.com/telegram-seo-linkk-order-seo-backlinks-homepage-3-17/","https://pokerogue.cc/ko","TELEGRAM @SEO_LINKK_ORDER – SEO BACKLINKS, HOMEPAGE LINKS, CROSSLINKS","true","小型独立软文/泛娱乐站点，完成 P0/P1 后有空余精力时再尝试联系合作。"
"silva.adv.br","1","4. 客座投稿与媒体软文 (Guest Posts & Media)","P2 (长尾观察)","TG @MASSLINKER | SOFTWARE TO PUBLISH BACKLINKS YOURSELF | MASSLINKER.COM « Silva Advogados – Curitiba – Paraná – (41) 3311-2476","http://silva.adv.br/tg-masslinker-software-to-publish-backlinks-2/","https://pokerogue.cc/ko","TG @MASSLINKER | SOFTWARE TO PUBLISH BACKLINKS YOURSELF | MASSLINKER.COM","true","小型独立软文/泛娱乐站点，完成 P0/P1 后有空余精力时再尝试联系合作。"
"gamepang.com","1","4. 客座投稿与媒体软文 (Guest Posts & Media)","P2 (长尾观察)","포켓로그 모바일 시작 가이드 – 다운 설치, 조작 사용법, 팁까지","https://gamepang.com/?p=113","https://pokerogue.cc/ko/blogs/pokerogue-biomes","(사진출처: pokerogue 홈페이지)","false","小型独立软文/泛娱乐站点，完成 P0/P1 后有空余精力时再尝试联系合作。"
"optimizeflow.top","0","4. 客座投稿与媒体软文 (Guest Posts & Media)","P2 (长尾观察)","✅ Website Stats 📊","https://optimizeflow.top/stats/85918","https://pokerogue.cc/","pokerogue.cc","true","小型独立软文/泛娱乐站点，完成 P0/P1 后有空余精力时再尝试联系合作。"
"pharmaglob-uae.com","0","4. 客座投稿与媒体软文 (Guest Posts & Media)","P2 (长尾观察)","TG @MASSLINKER | SOFTWARE TO PUBLISH BACKLINKS YOURSELF | MASSLINKER.COM – Pharmaceutical Company","https://pharmaglob-uae.com/tg-masslinker-software-to-publish-backlinks-7/","https://pokerogue.cc/ko","TG @MASSLINKER | SOFTWARE TO PUBLISH BACKLINKS YOURSELF | MASSLINKER.COM","true","小型独立软文/泛娱乐站点，完成 P0/P1 后有空余精力时再尝试联系合作。"
"photoenmarkarte.com","0","4. 客座投稿与媒体软文 (Guest Posts & Media)","P2 (长尾观察)","TELEGRAM @SEO_LINKK_ORDER - SEO BACKLINKS, HOMEPAGE LINKS, CROSSLINKS | Photo EnmarKarte","https://photoenmarkarte.com/2026/03/05/telegram-seo-linkk-order-seo-backlinks-homepage-3-17/","https://pokerogue.cc/ko","TELEGRAM @SEO_LINKK_ORDER – SEO BACKLINKS, HOMEPAGE LINKS, CROSSLINKS","true","小型独立软文/泛娱乐站点，完成 P0/P1 后有空余精力时再尝试联系合作。"
"onlinenursingdegreenow.net","0","4. 客座投稿与媒体软文 (Guest Posts & Media)","P2 (长尾观察)","TELEGRAM @SEO_LINKK_ORDER - SEO BACKLINKS, HOMEPAGE LINKS, CROSSLINKS - Online Nursing Degrees","https://onlinenursingdegreenow.net/telegram-seo-linkk-order-seo-backlinks-homepage-3-3/","https://pokerogue.cc/ko","TELEGRAM @SEO_LINKK_ORDER – SEO BACKLINKS, HOMEPAGE LINKS, CROSSLINKS","true","小型独立软文/泛娱乐站点，完成 P0/P1 后有空余精力时再尝试联系合作。"
"qsoftware.io","0","4. 客座投稿与媒体软文 (Guest Posts & Media)","P2 (长尾观察)","TG @MASSLINKER | SOFTWARE TO PUBLISH BACKLINKS YOURSELF | MASSLINKER.COM - Qsoftware Tech","https://qsoftware.io/tg-masslinker-software-to-publish-backlinks-7/","https://pokerogue.cc/ko","TG @MASSLINKER | SOFTWARE TO PUBLISH BACKLINKS YOURSELF | MASSLINKER.COM","true","小型独立软文/泛娱乐站点，完成 P0/P1 后有空余精力时再尝试联系合作。"
"rkartsy.com","0","4. 客座投稿与媒体软文 (Guest Posts & Media)","P2 (长尾观察)","TG @MASSLINKER | SOFTWARE TO PUBLISH BACKLINKS YOURSELF | MASSLINKER.COM – RKArtsy","https://rkartsy.com/tg-masslinker-software-to-publish-backlinks-7/","https://pokerogue.cc/ko","TG @MASSLINKER | SOFTWARE TO PUBLISH BACKLINKS YOURSELF | MASSLINKER.COM","true","小型独立软文/泛娱乐站点，完成 P0/P1 后有空余精力时再尝试联系合作。"
"sandovalandscaping.com","0","4. 客座投稿与媒体软文 (Guest Posts & Media)","P2 (长尾观察)","TG @MASSLINKER | SOFTWARE TO PUBLISH BACKLINKS YOURSELF | MASSLINKER.COM – Sandoval Landscaping","https://sandovalandscaping.com/tg-masslinker-software-to-publish-backlinks-2/","https://pokerogue.cc/ko","TG @MASSLINKER | SOFTWARE TO PUBLISH BACKLINKS YOURSELF | MASSLINKER.COM","true","小型独立软文/泛娱乐站点，完成 P0/P1 后有空余精力时再尝试联系合作。"
"sapphirevpn.net","0","4. 客座投稿与媒体软文 (Guest Posts & Media)","P2 (长尾观察)","🏆🏆Boost your Google rankings with Premium PBN & Link Building🏆🏆","https://sapphirevpn.net/all/50/23.html","https://pokerogue.cc/","High Quality Dofollow Backlinks DA 50 PA 40 Premium PBN Network Service pokerogue.cc Rank First Page Google Fast SEO Link Building Buy Backlinks Online Cheap","false","小型独立软文/泛娱乐站点，完成 P0/P1 后有空余精力时再尝试联系合作。"
"quanghungceramic.vn","0","4. 客座投稿与媒体软文 (Guest Posts & Media)","P2 (长尾观察)","TG @MASSLINKER | SOFTWARE TO PUBLISH BACKLINKS YOURSELF | MASSLINKER.COM - Quang Hưng - Gạch ốp lát và thiết bị vệ sinh TRỌN GÓI","https://quanghungceramic.vn/tg-masslinker-software-to-publish-backlinks-4/","https://pokerogue.cc/ko","TG @MASSLINKER | SOFTWARE TO PUBLISH BACKLINKS YOURSELF | MASSLINKER.COM","true","小型独立软文/泛娱乐站点，完成 P0/P1 后有空余精力时再尝试联系合作。"
"quero.party","0","4. 客座投稿与媒体软文 (Guest Posts & Media)","P2 (长尾观察)","👲 Domain Report 👲","https://quero.party/report/85918","https://pokerogue.cc/","pokerogue.cc","true","小型独立软文/泛娱乐站点，完成 P0/P1 后有空余精力时再尝试联系合作。"
"readingrights.org","0","4. 客座投稿与媒体软文 (Guest Posts & Media)","P2 (长尾观察)","Pokerogue Zygrade Complete Form DocHub - | DocHub","https://readingrights.org/en/pokerogue-zygrade-complete-form.html","https://pokerogue.cc/pokerogue_screenshot.png","","false","小型独立软文/泛娱乐站点，完成 P0/P1 后有空余精力时再尝试联系合作。"
"kenteamlogistics.com","0","4. 客座投稿与媒体软文 (Guest Posts & Media)","P2 (长尾观察)","TG @MASSLINKER | SOFTWARE TO PUBLISH BACKLINKS YOURSELF | MASSLINKER.COM – Kenteam Logistics Limited","https://kenteamlogistics.com/tg-masslinker-software-to-publish-backlinks-7/","https://pokerogue.cc/ko","TG @MASSLINKER | SOFTWARE TO PUBLISH BACKLINKS YOURSELF | MASSLINKER.COM","true","小型独立软文/泛娱乐站点，完成 P0/P1 后有空余精力时再尝试联系合作。"
"knows.sbs","0","4. 客座投稿与媒体软文 (Guest Posts & Media)","P2 (长尾观察)","seo domain research","https://knows.sbs/domain/domain/part/186152","https://pokerogue.cc/","pokerogue.cc","true","小型独立软文/泛娱乐站点，完成 P0/P1 后有空余精力时再尝试联系合作。"
"kynologie.slavicin.org","0","4. 客座投稿与媒体软文 (Guest Posts & Media)","P2 (长尾观察)","TG @MASSLINKER | SOFTWARE TO PUBLISH BACKLINKS YOURSELF | MASSLINKER.COM – Kynologie Slavičín","https://kynologie.slavicin.org/2026/03/20/tg-masslinker-software-to-publish-backlinks-7/","https://pokerogue.cc/ko","TG @MASSLINKER | SOFTWARE TO PUBLISH BACKLINKS YOURSELF | MASSLINKER.COM","true","小型独立软文/泛娱乐站点，完成 P0/P1 后有空余精力时再尝试联系合作。"
"hobby.totalwellnessarena.com","0","4. 客座投稿与媒体软文 (Guest Posts & Media)","P2 (长尾观察)","포켓로그 라이벌, 이제는 이길 수밖에 없는 완벽 공략! — 웰조이","https://hobby.totalwellnessarena.com/p/pokerogue-rival-strategy-guide","https://pokerogue.cc/ko/blogs/pokerogue-gameplay-modes","포켓로그 고급 전략 더 알아보기","true","小型独立软文/泛娱乐站点，完成 P0/P1 后有空余精力时再尝试联系合作。"
"imagetou.com","0","4. 客座投稿与媒体软文 (Guest Posts & Media)","P2 (长尾观察)","Pokkevalue - Image to u","https://imagetou.com/my-img-pokkevalue.html","https://pokerogue.cc/ru","pokerogue.cc","true","小型独立软文/泛娱乐站点，完成 P0/P1 后有空余精力时再尝试联系合作。"
"jabalamell.org","0","4. 客座投稿与媒体软文 (Guest Posts & Media)","P2 (长尾观察)","TG @MASSLINKER | SOFTWARE TO PUBLISH BACKLINKS YOURSELF | MASSLINKER.COM - JABAL AMEL","https://jabalamell.org/2026/03/20/tg-masslinker-software-to-publish-backlinks-6/","https://pokerogue.cc/ko","TG @MASSLINKER | SOFTWARE TO PUBLISH BACKLINKS YOURSELF | MASSLINKER.COM","true","小型独立软文/泛娱乐站点，完成 P0/P1 后有空余精力时再尝试联系合作。"
"newsblogsports.site","0","4. 客座投稿与媒体软文 (Guest Posts & Media)","P2 (长尾观察)","Best Tool for Pinterest SiteToSocial Fully Automated AI Generated Pins Grow Your Website Traffic","https://newsblogsports.site/all/394/13","https://pokerogue.cc/","Best Pinterest Tool SiteToSocial.com to Grow Your Website Traffic Fully Automated","false","小型独立软文/泛娱乐站点，完成 P0/P1 后有空余精力时再尝试联系合作。"
"nutrindoconexao.com","0","4. 客座投稿与媒体软文 (Guest Posts & Media)","P2 (长尾观察)","TG @MASSLINKER | SOFTWARE TO PUBLISH BACKLINKS YOURSELF | MASSLINKER.COM – Nutrindo Conexão","https://nutrindoconexao.com/tg-masslinker-software-to-publish-backlinks-5/","https://pokerogue.cc/ko","TG @MASSLINKER | SOFTWARE TO PUBLISH BACKLINKS YOURSELF | MASSLINKER.COM","true","小型独立软文/泛娱乐站点，完成 P0/P1 后有空余精力时再尝试联系合作。"
"onesupport.dk","0","4. 客座投稿与媒体软文 (Guest Posts & Media)","P2 (长尾观察)","TELEGRAM @SEO_LINKK_ORDER – SEO BACKLINKS, HOMEPAGE LINKS, CROSSLINKS | One Support DK - Private PC & Mac Support","https://onesupport.dk/telegram-seo-linkk-order-seo-backlinks-homepage-3-24/","https://pokerogue.cc/ko","TELEGRAM @SEO_LINKK_ORDER – SEO BACKLINKS, HOMEPAGE LINKS, CROSSLINKS","true","小型独立软文/泛娱乐站点，完成 P0/P1 后有空余精力时再尝试联系合作。"
"loadingramp.in","0","4. 客座投稿与媒体软文 (Guest Posts & Media)","P2 (长尾观察)","TG @MASSLINKER | SOFTWARE TO PUBLISH BACKLINKS YOURSELF | MASSLINKER.COM - Sohal Engineering","https://loadingramp.in/tg-masslinker-software-to-publish-backlinks-7/","https://pokerogue.cc/ko","TG @MASSLINKER | SOFTWARE TO PUBLISH BACKLINKS YOURSELF | MASSLINKER.COM","true","小型独立软文/泛娱乐站点，完成 P0/P1 后有空余精力时再尝试联系合作。"
"lucaskund.ilait-reseller.com","0","4. 客座投稿与媒体软文 (Guest Posts & Media)","P2 (长尾观察)","TG @MASSLINKER | SOFTWARE TO PUBLISH BACKLINKS YOURSELF | MASSLINKER.COM – LucasKund","https://lucaskund.ilait-reseller.com/2026/02/05/tg-masslinker-software-to-publish-backlinks-2/","https://pokerogue.cc/ko","TG @MASSLINKER | SOFTWARE TO PUBLISH BACKLINKS YOURSELF | MASSLINKER.COM","true","小型独立软文/泛娱乐站点，完成 P0/P1 后有空余精力时再尝试联系合作。"
"metamagic.top","0","4. 客座投稿与媒体软文 (Guest Posts & Media)","P2 (长尾观察)","✅ Website Stats 📊","https://metamagic.top/stats/85917","https://pokerogue.cc/","pokerogue.cc","true","小型独立软文/泛娱乐站点，完成 P0/P1 后有空余精力时再尝试联系合作。"
"saveurl.kikinote.net","0","4. 客座投稿与媒体软文 (Guest Posts & Media)","P2 (长尾观察)","","https://saveurl.kikinote.net/145665/%E3%80%8APok%C3%A9Rogue%E3%80%8B%E5%AE%8C%E6%95%B4%E6%94%BB%E7%95%A5%E5%A4%A7%E5%85%A8","https://pokerogue.cc/tw","","false","小型独立软文/泛娱乐站点，完成 P0/P1 后有空余精力时再尝试联系合作。"
"www.ezzycann.com","0","4. 客座投稿与媒体软文 (Guest Posts & Media)","P2 (长尾观察)","TG @MASSLINKER | SOFTWARE TO PUBLISH BACKLINKS YOURSELF | MASSLINKER.COM – EzzyCann | YouTuber | Tech Videos","https://www.ezzycann.com/tg-masslinker-software-to-publish-backlinks-2/","https://pokerogue.cc/ko","TG @MASSLINKER | SOFTWARE TO PUBLISH BACKLINKS YOURSELF | MASSLINKER.COM","true","小型独立软文/泛娱乐站点，完成 P0/P1 后有空余精力时再尝试联系合作。"
"www.fabiomelis.it","0","4. 客座投稿与媒体软文 (Guest Posts & Media)","P2 (长尾观察)","TG @MASSLINKER | SOFTWARE TO PUBLISH BACKLINKS YOURSELF | MASSLINKER.COM – Fabio Melis","https://www.fabiomelis.it/2026/02/05/tg-masslinker-software-to-publish-backlinks-2/","https://pokerogue.cc/ko","TG @MASSLINKER | SOFTWARE TO PUBLISH BACKLINKS YOURSELF | MASSLINKER.COM","true","小型独立软文/泛娱乐站点，完成 P0/P1 后有空余精力时再尝试联系合作。"
"www.kmcsteelmesh.com","0","4. 客座投稿与媒体软文 (Guest Posts & Media)","P2 (长尾观察)","TG @MASSLINKER | SOFTWARE TO PUBLISH BACKLINKS YOURSELF | MASSLINKER.COM – kmcsteelmesh.com","https://www.kmcsteelmesh.com/2026/02/05/tg-masslinker-software-to-publish-backlinks-2/","https://pokerogue.cc/ko","TG @MASSLINKER | SOFTWARE TO PUBLISH BACKLINKS YOURSELF | MASSLINKER.COM","true","小型独立软文/泛娱乐站点，完成 P0/P1 后有空余精力时再尝试联系合作。"
"upcincorp.com","0","4. 客座投稿与媒体软文 (Guest Posts & Media)","P2 (长尾观察)","admnlxgxn – Página 22 – United Perfonmance","https://upcincorp.com/author/admnlxgxn/page/22/","https://pokerogue.cc/ko","TELEGRAM @SEO_LINKK_ORDER – SEO BACKLINKS, HOMEPAGE LINKS, CROSSLINKS","true","小型独立软文/泛娱乐站点，完成 P0/P1 后有空余精力时再尝试联系合作。"
"urls-shortener.eu","0","4. 客座投稿与媒体软文 (Guest Posts & Media)","P2 (长尾观察)","❤️ URL Shared ❤️","https://urls-shortener.eu/share/85918","https://pokerogue.cc/","pokerogue.cc","true","小型独立软文/泛娱乐站点，完成 P0/P1 后有空余精力时再尝试联系合作。"
"websites.freemyip.com","0","4. 客座投稿与媒体软文 (Guest Posts & Media)","P2 (长尾观察)","❤️ URL Shared ❤️","https://websites.freemyip.com/share/85917","https://pokerogue.cc/","pokerogue.cc","true","小型独立软文/泛娱乐站点，完成 P0/P1 后有空余精力时再尝试联系合作。"
"www.petlovestudio.com","0","4. 客座投稿与媒体软文 (Guest Posts & Media)","P2 (长尾观察)","TELEGRAM @SEO_LINKK_ORDER - SEO BACKLINKS, HOMEPAGE LINKS, CROSSLINKS - PetLoveStudio","https://www.petlovestudio.com/telegram-seo-linkk-order-seo-backlinks-homepage-3-9/","https://pokerogue.cc/ko","TELEGRAM @SEO_LINKK_ORDER – SEO BACKLINKS, HOMEPAGE LINKS, CROSSLINKS","true","小型独立软文/泛娱乐站点，完成 P0/P1 后有空余精力时再尝试联系合作。"
"www.ready.pro","0","4. 客座投稿与媒体软文 (Guest Posts & Media)","P2 (长尾观察)","✅ Website Stats 📊","https://www.ready.pro/stats/85917","https://pokerogue.cc/","pokerogue.cc","true","小型独立软文/泛娱乐站点，完成 P0/P1 后有空余精力时再尝试联系合作。"
"www.villaawards.gr","0","4. 客座投稿与媒体软文 (Guest Posts & Media)","P2 (长尾观察)","Villa Awards | TG @MASSLINKER | SOFTWARE TO PUBLISH BACKLINKS YOURSELF | MASSLINKER.COM","https://www.villaawards.gr/tg-masslinker-software-to-publish-backlinks-2/","https://pokerogue.cc/ko","TG @MASSLINKER | SOFTWARE TO PUBLISH BACKLINKS YOURSELF | MASSLINKER.COM","true","小型独立软文/泛娱乐站点，完成 P0/P1 后有空余精力时再尝试联系合作。"
"www.lummstudio.com","0","4. 客座投稿与媒体软文 (Guest Posts & Media)","P2 (长尾观察)","如何拿下大词？网站多语言的重要性 | 路漫漫","https://www.lummstudio.com/docs/20240625","https://pokerogue.cc/ko","https://pokerogue.cc/ko","false","小型独立软文/泛娱乐站点，完成 P0/P1 后有空余精力时再尝试联系合作。"
"www.moezone.app","0","4. 客座投稿与媒体软文 (Guest Posts & Media)","P2 (长尾观察)","【RPG/安卓】宝可梦肉鸽PokéRogue非官方魔改版【度盘】 – 萌の领域","https://www.moezone.app/145117.html","https://pokerogue.cc/zh","丰富的宝可梦捕捉 ： 玩家可以在游戏中捕捉未被驯服的宝可梦，组建自己的队伍，并通过战斗提升它们的能力。","false","小型独立软文/泛娱乐站点，完成 P0/P1 后有空余精力时再尝试联系合作。"
"www.pdfbookee.com","0","4. 客座投稿与媒体软文 (Guest Posts & Media)","P2 (长尾观察)","Ogue | Un Juego De Pokémon Rogue-lite | Free pdf textbooks download online","https://www.pdfbookee.com/un/ogue-un-juego-de-pokemon-rogue-lite.html","https://pokerogue.cc/es","Download File","true","小型独立软文/泛娱乐站点，完成 P0/P1 后有空余精力时再尝试联系合作。"
"sofaandcarpetcleaning.com","0","4. 客座投稿与媒体软文 (Guest Posts & Media)","P2 (长尾观察)","TG @MASSLINKER | SOFTWARE TO PUBLISH BACKLINKS YOURSELF | MASSLINKER.COM - Sofa Carpet Cleaning Services Dubai Sharjah Ajman - Xpert Cleaning","https://sofaandcarpetcleaning.com/tg-masslinker-software-to-publish-backlinks-5/","https://pokerogue.cc/ko","TG @MASSLINKER | SOFTWARE TO PUBLISH BACKLINKS YOURSELF | MASSLINKER.COM","true","小型独立软文/泛娱乐站点，完成 P0/P1 后有空余精力时再尝试联系合作。"
"sona.wiki","0","4. 客座投稿与媒体软文 (Guest Posts & Media)","P2 (长尾观察)","마롱제니 - 소나위키","https://sona.wiki/w/%EB%A7%88%EB%A1%B1%EC%A0%9C%EB%8B%88","https://pokerogue.cc/ko","파일:포켓로그 위키 로고.png 파일:포켓로그 위키 로고.png","true","小型独立软文/泛娱乐站点，完成 P0/P1 后有空余精力时再尝试联系合作。"
"supergirosguajiranorte.com.co","0","4. 客座投稿与媒体软文 (Guest Posts & Media)","P2 (长尾观察)","TELEGRAM @SEO_LINKK_ORDER - SEO BACKLINKS, HOMEPAGE LINKS, CROSSLINKS - SuperGIROS Guajira Norte","https://supergirosguajiranorte.com.co/telegram-seo-linkk-order-seo-backlinks-homepage-3-3/","https://pokerogue.cc/ko","TELEGRAM @SEO_LINKK_ORDER – SEO BACKLINKS, HOMEPAGE LINKS, CROSSLINKS","true","小型独立软文/泛娱乐站点，完成 P0/P1 后有空余精力时再尝试联系合作。"
"screenshots.wiki","0","4. 客座投稿与媒体软文 (Guest Posts & Media)","P2 (长尾观察)","👲 Domain Report 👲","https://screenshots.wiki/report/85918","https://pokerogue.cc/","pokerogue.cc","true","小型独立软文/泛娱乐站点，完成 P0/P1 后有空余精力时再尝试联系合作。"
"show.web.cafe","0","4. 客座投稿与媒体软文 (Guest Posts & Media)","P2 (长尾观察)","Website List : Pokerogue - Show.Web.Cafe","https://show.web.cafe/list/pokerogue","https://pokerogue.cc/","","true","小型独立软文/泛娱乐站点，完成 P0/P1 后有空余精力时再尝试联系合作。"
"sites.jake.eu","0","4. 客座投稿与媒体软文 (Guest Posts & Media)","P2 (长尾观察)","❤️ URL Shared ❤️","https://sites.jake.eu/share/85917","https://pokerogue.cc/","pokerogue.cc","true","小型独立软文/泛娱乐站点，完成 P0/P1 后有空余精力时再尝试联系合作。"
"toplikevideo.com","0","4. 客座投稿与媒体软文 (Guest Posts & Media)","P2 (长尾观察)","High-quality backlink service 2024/05/03/4 | toplikevideo.com","https://toplikevideo.com/list.php?part=2024%2F05%2F03%2F4","https://pokerogue.cc/","pokerogue.cc","true","小型独立软文/泛娱乐站点，完成 P0/P1 后有空余精力时再尝试联系合作。"
"tsight.io","0","4. 客座投稿与媒体软文 (Guest Posts & Media)","P2 (长尾观察)","《宝可梦肉鸽》苍响进化深度攻略：数据挖掘揭秘隐藏机制 | TrueSight","https://tsight.io/articles/9296259","https://pokerogue.cc/zh/blogs/pokerogue-pokemon-revolution","Pokérogue","true","小型独立软文/泛娱乐站点，完成 P0/P1 后有空余精力时再尝试联系合作。"
"tsmcjobs.com","0","4. 客座投稿与媒体软文 (Guest Posts & Media)","P2 (长尾观察)","TG @MASSLINKER | SOFTWARE TO PUBLISH BACKLINKS YOURSELF | MASSLINKER.COM - TSMC JOBS","https://tsmcjobs.com/tg-masslinker-software-to-publish-backlinks-6/","https://pokerogue.cc/ko","TG @MASSLINKER | SOFTWARE TO PUBLISH BACKLINKS YOURSELF | MASSLINKER.COM","true","小型独立软文/泛娱乐站点，完成 P0/P1 后有空余精力时再尝试联系合作。"
"techinforce.com","0","4. 客座投稿与媒体软文 (Guest Posts & Media)","P2 (长尾观察)","포켓로그 스타팅 추천 2025 시즌별 효율적인 시작 캐릭터 정리","https://techinforce.com/%ED%8F%AC%EC%BC%93%EB%A1%9C%EA%B7%B8-%EC%8A%A4%ED%83%80%ED%8C%85-%EC%B6%94%EC%B2%9C-2025-%EC%8B%9C%EC%A6%8C%EB%B3%84-%ED%9A%A8%EC%9C%A8%EC%A0%81%EC%9D%B8-%EC%8B%9C%EC%9E%91-%EC%BA%90%EB%A6%AD%ED%84%B0/","https://pokerogue.cc/ko","포켓몬 로그 라이트 게임 바로가기","true","小型独立软文/泛娱乐站点，完成 P0/P1 后有空余精力时再尝试联系合作。"
"www.worldmovingbolivia.com","0","4. 客座投稿与媒体软文 (Guest Posts & Media)","P2 (长尾观察)","TELEGRAM @SEO_LINKK_ORDER – SEO BACKLINKS, HOMEPAGE LINKS, CROSSLINKS – World Moving Bolivia","https://www.worldmovingbolivia.com/2026/03/05/telegram-seo-linkk-order-seo-backlinks-homepage-3-17/","https://pokerogue.cc/ko","TELEGRAM @SEO_LINKK_ORDER – SEO BACKLINKS, HOMEPAGE LINKS, CROSSLINKS","true","小型独立软文/泛娱乐站点，完成 P0/P1 后有空余精力时再尝试联系合作。"
"testsub.watrbar.io","0","4. 客座投稿与媒体软文 (Guest Posts & Media)","P2 (长尾观察)","masslinker – WATRBAR","https://testsub.watrbar.io/category/masslinker/","https://pokerogue.cc/ko","TG @MASSLINKER | SOFTWARE TO PUBLISH BACKLINKS YOURSELF | MASSLINKER.COM","true","小型独立软文/泛娱乐站点，完成 P0/P1 后有空余精力时再尝试联系合作。"
"veljko.code011.com","0","4. 客座投稿与媒体软文 (Guest Posts & Media)","P2 (长尾观察)","TG @MASSLINKER | SOFTWARE TO PUBLISH BACKLINKS YOURSELF | MASSLINKER.COM – ОШ ”Вељко Дугошевић”, Београд","http://veljko.code011.com/tg-masslinker-software-to-publish-backlinks-2/","https://pokerogue.cc/ko","TG @MASSLINKER | SOFTWARE TO PUBLISH BACKLINKS YOURSELF | MASSLINKER.COM","true","小型独立软文/泛娱乐站点，完成 P0/P1 后有空余精力时再尝试联系合作。"
"wants.cfd","0","4. 客座投稿与媒体软文 (Guest Posts & Media)","P2 (长尾观察)","seo domain research","http://wants.cfd/domain/domain/part/186152","https://pokerogue.cc/","pokerogue.cc","true","小型独立软文/泛娱乐站点，完成 P0/P1 后有空余精力时再尝试联系合作。"
"www.idilaguna.com","0","4. 客座投稿与媒体软文 (Guest Posts & Media)","P2 (长尾观察)","TG @MASSLINKER | SOFTWARE TO PUBLISH BACKLINKS YOURSELF | MASSLINKER.COM | INSTITUTO DE DESARROLLO INTEGRAL","http://www.idilaguna.com/tg-masslinker-software-to-publish-backlinks-2/","https://pokerogue.cc/ko","TG @MASSLINKER | SOFTWARE TO PUBLISH BACKLINKS YOURSELF | MASSLINKER.COM","true","小型独立软文/泛娱乐站点，完成 P0/P1 后有空余精力时再尝试联系合作。"
"takes.sbs","0","4. 客座投稿与媒体软文 (Guest Posts & Media)","P2 (长尾观察)","seo domain research","http://takes.sbs/domain/domain/part/186152","https://pokerogue.cc/","pokerogue.cc","true","小型独立软文/泛娱乐站点，完成 P0/P1 后有空余精力时再尝试联系合作。"
"travelgatesl.com","0","4. 客座投稿与媒体软文 (Guest Posts & Media)","P2 (长尾观察)","TG @MASSLINKER | SOFTWARE TO PUBLISH BACKLINKS YOURSELF | MASSLINKER.COM – Travel Gate","http://travelgatesl.com/?p=63538","https://pokerogue.cc/ko","TG @MASSLINKER | SOFTWARE TO PUBLISH BACKLINKS YOURSELF | MASSLINKER.COM","true","小型独立软文/泛娱乐站点，完成 P0/P1 后有空余精力时再尝试联系合作。"
"trendyhealthtimes.com","0","4. 客座投稿与媒体软文 (Guest Posts & Media)","P2 (长尾观察)","🏆🏆Boost your Google rankings with Premium PBN & Link Building🏆🏆","http://trendyhealthtimes.com/all/50/23.html","https://pokerogue.cc/","High Quality Dofollow Backlinks DA 50 PA 40 Premium PBN Network Service pokerogue.cc Rank First Page Google Fast SEO Link Building Buy Backlinks Online Cheap","false","小型独立软文/泛娱乐站点，完成 P0/P1 后有空余精力时再尝试联系合作。"
"8coint.com","0","4. 客座投稿与媒体软文 (Guest Posts & Media)","P2 (长尾观察)","High-quality backlink service 2024/05/03/4 | 8coint.com","https://8coint.com/list.php?part=2024%2F05%2F03%2F4","https://pokerogue.cc/","pokerogue.cc","true","小型独立软文/泛娱乐站点，完成 P0/P1 后有空余精力时再尝试联系合作。"
"aanderud.net","0","4. 客座投稿与媒体软文 (Guest Posts & Media)","P2 (长尾观察)","TELEGRAM @SEO_LINKK_ORDER – SEO BACKLINKS, HOMEPAGE LINKS, CROSSLINKS – Hacked By xploitednoob","https://aanderud.net/2026/03/05/telegram-seo-linkk-order-seo-backlinks-homepage-3-2/","https://pokerogue.cc/ko","TELEGRAM @SEO_LINKK_ORDER – SEO BACKLINKS, HOMEPAGE LINKS, CROSSLINKS","true","小型独立软文/泛娱乐站点，完成 P0/P1 后有空余精力时再尝试联系合作。"
"ainave.com","0","4. 客座投稿与媒体软文 (Guest Posts & Media)","P2 (长尾观察)","PokeRogue | A Pokémon Rogue-lite game - AINave","https://ainave.com/products/pokerogue-a-pokemon-rogue-lite-game","https://pokerogue.cc/?ref=ainave","Visit Website","true","小型独立软文/泛娱乐站点，完成 P0/P1 后有空余精力时再尝试联系合作。"
"www.morikouji.jp","0","4. 客座投稿与媒体软文 (Guest Posts & Media)","P2 (长尾观察)","TG @MASSLINKER | SOFTWARE TO PUBLISH BACKLINKS YOURSELF | MASSLINKER.COM | 愛知県あま市議会議員 森こうじ","http://www.morikouji.jp/masslinker/32018.html","https://pokerogue.cc/ko","TG @MASSLINKER | SOFTWARE TO PUBLISH BACKLINKS YOURSELF | MASSLINKER.COM","true","小型独立软文/泛娱乐站点，完成 P0/P1 后有空余精力时再尝试联系合作。"
"www.seol.store","0","4. 客座投稿与媒体软文 (Guest Posts & Media)","P2 (长尾观察)","seo domain research","http://www.seol.store/domain/domain/part/186152","https://pokerogue.cc/","pokerogue.cc","true","小型独立软文/泛娱乐站点，完成 P0/P1 后有空余精力时再尝试联系合作。"
"www.trantinopneumatici.it","0","4. 客座投稿与媒体软文 (Guest Posts & Media)","P2 (长尾观察)","TELEGRAM @SEO_LINKK_ORDER - SEO BACKLINKS, HOMEPAGE LINKS, CROSSLINKS - VINCENZO TRANTINO","http://www.trantinopneumatici.it/2026/03/05/telegram-seo-linkk-order-seo-backlinks-homepage-3-4/","https://pokerogue.cc/ko","TELEGRAM @SEO_LINKK_ORDER – SEO BACKLINKS, HOMEPAGE LINKS, CROSSLINKS","true","小型独立软文/泛娱乐站点，完成 P0/P1 后有空余精力时再尝试联系合作。"
"seodomains.website","0","4. 客座投稿与媒体软文 (Guest Posts & Media)","P2 (长尾观察)","seo domain research","http://seodomains.website/domain/domain/part/186152","https://pokerogue.cc/","pokerogue.cc","true","小型独立软文/泛娱乐站点，完成 P0/P1 后有空余精力时再尝试联系合作。"
"innovativedigisolutions.com","0","4. 客座投稿与媒体软文 (Guest Posts & Media)","P2 (长尾观察)","TG @MASSLINKER | SOFTWARE TO PUBLISH BACKLINKS YOURSELF | MASSLINKER.COM","http://innovativedigisolutions.com/tg-masslinker-software-to-publish-backlinks-2/","https://pokerogue.cc/ko","TG @MASSLINKER | SOFTWARE TO PUBLISH BACKLINKS YOURSELF | MASSLINKER.COM","true","小型独立软文/泛娱乐站点，完成 P0/P1 后有空余精力时再尝试联系合作。"
"knows.monster","0","4. 客座投稿与媒体软文 (Guest Posts & Media)","P2 (长尾观察)","seo domain research","http://knows.monster/domain/domain/part/186152","https://pokerogue.cc/","pokerogue.cc","true","小型独立软文/泛娱乐站点，完成 P0/P1 后有空余精力时再尝试联系合作。"
"ladyskfashion.com","0","4. 客座投稿与媒体软文 (Guest Posts & Media)","P2 (长尾观察)","TELEGRAM @SEO_LINKK_ORDER – SEO BACKLINKS, HOMEPAGE LINKS, CROSSLINKS","http://ladyskfashion.com/asx/telegram-seo-linkk-order-seo-backlinks-homepage-3-17/","https://pokerogue.cc/ko","TELEGRAM @SEO_LINKK_ORDER – SEO BACKLINKS, HOMEPAGE LINKS, CROSSLINKS","true","小型独立软文/泛娱乐站点，完成 P0/P1 后有空余精力时再尝试联系合作。"
"espacomulhermais.com.br","0","4. 客座投稿与媒体软文 (Guest Posts & Media)","P2 (长尾观察)","TG @MASSLINKER | SOFTWARE TO PUBLISH BACKLINKS YOURSELF | MASSLINKER.COM - Espaço Mulher Mais","https://espacomulhermais.com.br/tg-masslinker-software-to-publish-backlinks-6/","https://pokerogue.cc/ko","TG @MASSLINKER | SOFTWARE TO PUBLISH BACKLINKS YOURSELF | MASSLINKER.COM","true","小型独立软文/泛娱乐站点，完成 P0/P1 后有空余精力时再尝试联系合作。"
"aneuinfo.org","0","4. 客座投稿与媒体软文 (Guest Posts & Media)","P2 (长尾观察)","TG @MASSLINKER | SOFTWARE TO PUBLISH BACKLINKS YOURSELF | MASSLINKER.COM - Aneuinfo - Asociación Nacional de Estudiantes Uasdianos De Informática","http://aneuinfo.org/2026/02/05/tg-masslinker-software-to-publish-backlinks-2/","https://pokerogue.cc/ko","TG @MASSLINKER | SOFTWARE TO PUBLISH BACKLINKS YOURSELF | MASSLINKER.COM","true","小型独立软文/泛娱乐站点，完成 P0/P1 后有空余精力时再尝试联系合作。"
"beautifulfaith.org","0","4. 客座投稿与媒体软文 (Guest Posts & Media)","P2 (长尾观察)","PokéRogue: Classic Game Mode Tips and Tricks","http://beautifulfaith.org/pok-rogue-classic-game-mode-tips-and-tricks.html","https://pokerogue.cc/blogs/pokerogue-biomes","blog","false","小型独立软文/泛娱乐站点，完成 P0/P1 后有空余精力时再尝试联系合作。"
"qwenterprise.com","0","4. 客座投稿与媒体软文 (Guest Posts & Media)","P2 (长尾观察)","🏆🏆Boost your Google rankings with Premium PBN & Link Building🏆🏆","http://qwenterprise.com/all/50/23.html","https://pokerogue.cc/","High Quality Dofollow Backlinks DA 50 PA 40 Premium PBN Network Service pokerogue.cc Rank First Page Google Fast SEO Link Building Buy Backlinks Online Cheap","false","小型独立软文/泛娱乐站点，完成 P0/P1 后有空余精力时再尝试联系合作。"
"rdxextremez.com","0","4. 客座投稿与媒体软文 (Guest Posts & Media)","P2 (长尾观察)","🏆🏆Boost your Google rankings with Premium PBN & Link Building🏆🏆","http://rdxextremez.com/all/50/23.html","https://pokerogue.cc/","High Quality Dofollow Backlinks DA 50 PA 40 Premium PBN Network Service pokerogue.cc Rank First Page Google Fast SEO Link Building Buy Backlinks Online Cheap","false","小型独立软文/泛娱乐站点，完成 P0/P1 后有空余精力时再尝试联系合作。"
"saikohayama.com","0","4. 客座投稿与媒体软文 (Guest Posts & Media)","P2 (长尾观察)","TELEGRAM @SEO_LINKK_ORDER – SEO BACKLINKS, HOMEPAGE LINKS, CROSSLINKS | 骨董屋 嫁の裏話","http://saikohayama.com/telegram-seo-linkk-order-seo-backlinks-homepage-3-15/","https://pokerogue.cc/ko","TELEGRAM @SEO_LINKK_ORDER – SEO BACKLINKS, HOMEPAGE LINKS, CROSSLINKS","true","小型独立软文/泛娱乐站点，完成 P0/P1 后有空余精力时再尝试联系合作。"
"lapulguia.mx","0","4. 客座投稿与媒体软文 (Guest Posts & Media)","P2 (长尾观察)","Ivan Valdes | La pulguia | Página 42","http://lapulguia.mx/wp/?author=3&paged=42","https://pokerogue.cc/ko","TG @MASSLINKER | SOFTWARE TO PUBLISH BACKLINKS YOURSELF | MASSLINKER.COM","true","小型独立软文/泛娱乐站点，完成 P0/P1 后有空余精力时再尝试联系合作。"
"mytestingbro.triple9express.com","0","4. 客座投稿与媒体软文 (Guest Posts & Media)","P2 (长尾观察)","TELEGRAM @SEO_LINKK_ORDER – SEO BACKLINKS, HOMEPAGE LINKS, CROSSLINKS – Prince","http://mytestingbro.triple9express.com/index.php/2026/03/05/telegram-seo-linkk-order-seo-backlinks-homepage-3-18/","https://pokerogue.cc/ko","TELEGRAM @SEO_LINKK_ORDER – SEO BACKLINKS, HOMEPAGE LINKS, CROSSLINKS","true","小型独立软文/泛娱乐站点，完成 P0/P1 后有空余精力时再尝试联系合作。"
"portailorange.net","0","4. 客座投稿与媒体软文 (Guest Posts & Media)","P2 (长尾观察)","🏆🏆Boost your Google rankings with Premium PBN & Link Building🏆🏆","http://portailorange.net/all/50/23.html","https://pokerogue.cc/","High Quality Dofollow Backlinks DA 50 PA 40 Premium PBN Network Service pokerogue.cc Rank First Page Google Fast SEO Link Building Buy Backlinks Online Cheap","false","小型独立软文/泛娱乐站点，完成 P0/P1 后有空余精力时再尝试联系合作。"
"digipixel.com.ar","0","4. 客座投稿与媒体软文 (Guest Posts & Media)","P2 (长尾观察)","TG @MASSLINKER | SOFTWARE TO PUBLISH BACKLINKS YOURSELF | MASSLINKER.COM - Digipixel","https://digipixel.com.ar/tg-masslinker-software-to-publish-backlinks-2/","https://pokerogue.cc/ko","TG @MASSLINKER | SOFTWARE TO PUBLISH BACKLINKS YOURSELF | MASSLINKER.COM","true","小型独立软文/泛娱乐站点，完成 P0/P1 后有空余精力时再尝试联系合作。"
"drjack.world","0","4. 客座投稿与媒体软文 (Guest Posts & Media)","P2 (长尾观察)","👲 Domain Report 👲","https://drjack.world/report/85917","https://pokerogue.cc/","pokerogue.cc","true","小型独立软文/泛娱乐站点，完成 P0/P1 后有空余精力时再尝试联系合作。"
"www.xiumeimodels.com","0","4. 客座投稿与媒体软文 (Guest Posts & Media)","P2 (长尾观察)","TELEGRAM @SEO_LINKK_ORDER – SEO BACKLINKS, HOMEPAGE LINKS, CROSSLINKS – Xiumei model","https://www.xiumeimodels.com/telegram-seo-linkk-order-seo-backlinks-homepage-3/","https://pokerogue.cc/ko","TELEGRAM @SEO_LINKK_ORDER – SEO BACKLINKS, HOMEPAGE LINKS, CROSSLINKS","true","小型独立软文/泛娱乐站点，完成 P0/P1 后有空余精力时再尝试联系合作。"
"condopropertylaunch.com","0","4. 客座投稿与媒体软文 (Guest Posts & Media)","P2 (长尾观察)","TELEGRAM @SEO_LINKK_ORDER – SEO BACKLINKS, HOMEPAGE LINKS, CROSSLINKS – CondoPropertyLaunch","https://condopropertylaunch.com/telegram-seo-linkk-order-seo-backlinks-homepage-3-3/","https://pokerogue.cc/ko","TELEGRAM @SEO_LINKK_ORDER – SEO BACKLINKS, HOMEPAGE LINKS, CROSSLINKS","true","小型独立软文/泛娱乐站点，完成 P0/P1 后有空余精力时再尝试联系合作。"
"creativeposts.top","0","4. 客座投稿与媒体软文 (Guest Posts & Media)","P2 (长尾观察)","✅ Website Stats 📊","https://creativeposts.top/stats/85917","https://pokerogue.cc/","pokerogue.cc","true","小型独立软文/泛娱乐站点，完成 P0/P1 后有空余精力时再尝试联系合作。"
"delisatravels.com","0","4. 客座投稿与媒体软文 (Guest Posts & Media)","P2 (长尾观察)","TELEGRAM @SEO_LINKK_ORDER - SEO BACKLINKS, HOMEPAGE LINKS, CROSSLINKS | We make Travel fun","https://delisatravels.com/?p=24587","https://pokerogue.cc/ko","TELEGRAM @SEO_LINKK_ORDER – SEO BACKLINKS, HOMEPAGE LINKS, CROSSLINKS","true","小型独立软文/泛娱乐站点，完成 P0/P1 后有空余精力时再尝试联系合作。"
"freeketorecipes.paiaxis.com","0","4. 客座投稿与媒体软文 (Guest Posts & Media)","P2 (长尾观察)","TG @MASSLINKER | SOFTWARE TO PUBLISH BACKLINKS YOURSELF | MASSLINKER.COM – Deliciously Easy Keto Recipes","https://freeketorecipes.paiaxis.com/tg-masslinker-software-to-publish-backlinks-2/","https://pokerogue.cc/ko","TG @MASSLINKER | SOFTWARE TO PUBLISH BACKLINKS YOURSELF | MASSLINKER.COM","true","小型独立软文/泛娱乐站点，完成 P0/P1 后有空余精力时再尝试联系合作。"
"hgtactical.net","0","4. 客座投稿与媒体软文 (Guest Posts & Media)","P2 (长尾观察)","TELEGRAM @SEO_LINKK_ORDER – SEO BACKLINKS, HOMEPAGE LINKS, CROSSLINKS – HG Tactical Firearms Training","https://hgtactical.net/telegram-seo-linkk-order-seo-backlinks-homepage-3-19/","https://pokerogue.cc/ko","TELEGRAM @SEO_LINKK_ORDER – SEO BACKLINKS, HOMEPAGE LINKS, CROSSLINKS","true","小型独立软文/泛娱乐站点，完成 P0/P1 后有空余精力时再尝试联系合作。"
"hilcodc.com","0","4. 客座投稿与媒体软文 (Guest Posts & Media)","P2 (长尾观察)","TELEGRAM @SEO_LINKK_ORDER - SEO BACKLINKS, HOMEPAGE LINKS, CROSSLINKS - Hilco D&C - ฮิลโก้ ดีแอนด์ซี","https://hilcodc.com/telegram-seo-linkk-order-seo-backlinks-homepage-3-18/","https://pokerogue.cc/ko","TELEGRAM @SEO_LINKK_ORDER – SEO BACKLINKS, HOMEPAGE LINKS, CROSSLINKS","true","小型独立软文/泛娱乐站点，完成 P0/P1 后有空余精力时再尝试联系合作。"
"express-prod-ccqkuvfrra-nw.a.run.app","0","4. 客座投稿与媒体软文 (Guest Posts & Media)","P2 (长尾观察)","PokéRogue: Classic Game Mode Tips and Tricks","https://express-prod-ccqkuvfrra-nw.a.run.app/articles/pok-rogue-classic-game-mode-tips-and-tricks","https://pokerogue.cc/blogs/pokerogue-biomes","blog","false","小型独立软文/泛娱乐站点，完成 P0/P1 后有空余精力时再尝试联系合作。"
"fiverr-quality-seo-at-affordable-rates.site","0","4. 客座投稿与媒体软文 (Guest Posts & Media)","P2 (长尾观察)","Thanks to Fiverr Backlinks, I Ranked Top 5 for Several Keywords 📊 5-Star","https://fiverr-quality-seo-at-affordable-rates.site/fiverr-backlinks-helped-me-rank-top-5-for-several-keywords/","https://pokerogue.cc/","Fiverr helped my pokerogue.cc achieve a top position #2 for critical search terms 🏆","true","小型独立软文/泛娱乐站点，完成 P0/P1 后有空余精力时再尝试联系合作。"
"form.bvf.edu.pe","0","4. 客座投稿与媒体软文 (Guest Posts & Media)","P2 (长尾观察)","Pokerogue Forms - Printable","https://form.bvf.edu.pe/en/pokerogue-forms.html","https://pokerogue.cc/blogs/cute_pikachu.png","PokeRogue A Pokémon Roguelite game","false","小型独立软文/泛娱乐站点，完成 P0/P1 后有空余精力时再尝试联系合作。"
"blinks.monster","0","4. 客座投稿与媒体软文 (Guest Posts & Media)","P2 (长尾观察)","seo domain research","https://blinks.monster/domain/domain/part/186152","https://pokerogue.cc/","pokerogue.cc","true","小型独立软文/泛娱乐站点，完成 P0/P1 后有空余精力时再尝试联系合作。"
"blogsphere.top","0","4. 客座投稿与媒体软文 (Guest Posts & Media)","P2 (长尾观察)","✅ Website Stats 📊","https://blogsphere.top/stats/85918","https://pokerogue.cc/","pokerogue.cc","true","小型独立软文/泛娱乐站点，完成 P0/P1 后有空余精力时再尝试联系合作。"
"buzzshrink.website","0","4. 客座投稿与媒体软文 (Guest Posts & Media)","P2 (长尾观察)","❤️ URL Shared ❤️","https://buzzshrink.website/share/85917","https://pokerogue.cc/","pokerogue.cc","true","小型独立软文/泛娱乐站点，完成 P0/P1 后有空余精力时再尝试联系合作。"
"anchorurl.cloud","0","4. 客座投稿与媒体软文 (Guest Posts & Media)","P2 (长尾观察)","❤️ URL Shared ❤️","https://anchorurl.cloud/share/85917","https://pokerogue.cc/","pokerogue.cc","true","小型独立软文/泛娱乐站点，完成 P0/P1 后有空余精力时再尝试联系合作。"
"avnfans.com","0","4. 客座投稿与媒体软文 (Guest Posts & Media)","P2 (长尾观察)","AVN FANS – Page 143 – AVNFANS","https://avnfans.com/author/avnfans/page/143/","https://pokerogue.cc/ko","TG @MASSLINKER | SOFTWARE TO PUBLISH BACKLINKS YOURSELF | MASSLINKER.COM","true","小型独立软文/泛娱乐站点，完成 P0/P1 后有空余精力时再尝试联系合作。"
"backlinks-checker.com","0","4. 客座投稿与媒体软文 (Guest Posts & Media)","P2 (长尾观察)","❤️ URL Shared ❤️","https://backlinks-checker.com/share/85918","https://pokerogue.cc/","pokerogue.cc","true","小型独立软文/泛娱乐站点，完成 P0/P1 后有空余精力时再尝试联系合作。"
"call.theoptimalplumber.com","0","4. 客座投稿与媒体软文 (Guest Posts & Media)","P2 (长尾观察)","TG @MASSLINKER | SOFTWARE TO PUBLISH BACKLINKS YOURSELF | MASSLINKER.COM – Optimal Plumbing Solutions","https://call.theoptimalplumber.com/2026/02/05/tg-masslinker-software-to-publish-backlinks-2/","https://pokerogue.cc/ko","TG @MASSLINKER | SOFTWARE TO PUBLISH BACKLINKS YOURSELF | MASSLINKER.COM","true","小型独立软文/泛娱乐站点，完成 P0/P1 后有空余精力时再尝试联系合作。"
"carbonchemist.com","0","4. 客座投稿与媒体软文 (Guest Posts & Media)","P2 (长尾观察)","xtw183874b04 – Page 1308 – Carbon Chemist","https://carbonchemist.com/author/xtw183874b04/page/1308/","https://pokerogue.cc/ko","TG @MASSLINKER | SOFTWARE TO PUBLISH BACKLINKS YOURSELF | MASSLINKER.COM","true","小型独立软文/泛娱乐站点，完成 P0/P1 后有空余精力时再尝试联系合作。"
"clichefashion.com","0","4. 客座投稿与媒体软文 (Guest Posts & Media)","P2 (长尾观察)","TG @MASSLINKER | SOFTWARE TO PUBLISH BACKLINKS YOURSELF | MASSLINKER.COM - clichefashion","https://clichefashion.com/tg-masslinker-software-to-publish-backlinks-7/","https://pokerogue.cc/ko","TG @MASSLINKER | SOFTWARE TO PUBLISH BACKLINKS YOURSELF | MASSLINKER.COM","true","小型独立软文/泛娱乐站点，完成 P0/P1 后有空余精力时再尝试联系合作。"
"byteshort.xyz","0","4. 客座投稿与媒体软文 (Guest Posts & Media)","P2 (长尾观察)","👲 Domain Report 👲","https://byteshort.xyz/report/85917","https://pokerogue.cc/","pokerogue.cc","true","小型独立软文/泛娱乐站点，完成 P0/P1 后有空余精力时再尝试联系合作。"
"bye.fyi","0","4. 客座投稿与媒体软文 (Guest Posts & Media)","P2 (长尾观察)","👲 Domain Report 👲","https://bye.fyi/report/85917","https://pokerogue.cc/","pokerogue.cc","true","小型独立软文/泛娱乐站点，完成 P0/P1 后有空余精力时再尝试联系合作。"
"analyticshaven.top","0","4. 客座投稿与媒体软文 (Guest Posts & Media)","P2 (长尾观察)","✅ Website Stats 📊","https://analyticshaven.top/stats/85917","https://pokerogue.cc/","pokerogue.cc","true","小型独立软文/泛娱乐站点，完成 P0/P1 后有空余精力时再尝试联系合作。"
"usa8-dev1.alpinelinux.org","11","5. 黑帽/寄生虫泛解析 (高风险)","P3 (避坑)","Pokerogue Calendar - DateZone","https://usa8-dev1.alpinelinux.org/en/pokerogue-calendar.html","https://pokerogue.cc/screenshots/pokedex.png","","false","过期高权重域名被挂载的寄生虫页面。白帽站点千万不要模仿买此类链接，容易遭 Google 算法惩罚。"
"ws2.existentialcomics.com","0","5. 黑帽/寄生虫泛解析 (高风险)","P3 (避坑)","Pokerogue Gacha Calendar - ws2.existentialcomics.com","https://ws2.existentialcomics.com/en/pokerogue-gacha-calendar.html","https://pokerogue.cc/blogs/pokemon_list.png","PokeRogue Un juego de Pokémon Roguelite","false","过期高权重域名被挂载的寄生虫页面。白帽站点千万不要模仿买此类链接，容易遭 Google 算法惩罚。"
"live.eden-court.co.uk","0","5. 黑帽/寄生虫泛解析 (高风险)","P3 (避坑)","Pokerogue Calendar - Calendar Guide","https://live.eden-court.co.uk/calendar/pokerogue-calendar.html","https://pokerogue.cc/blogs/cute_pikachu.png","","false","过期高权重域名被挂载的寄生虫页面。白帽站点千万不要模仿买此类链接，容易遭 Google 算法惩罚。"
"it.search.yahoo.com","24","5. 搜索引擎缓存 (无需跟进)","P3 (忽略)","Slaughterhouse - Risultati di Yahoo Italia Search","https://it.search.yahoo.com/yp/search?age=1m&ei=UTF-8&p=Slaughterhouse","https://pokerogue.cc/es","pokerogue.cc › es PokeRogue | Un juego de Pokémon Rogue-lite","false","搜索引擎 SERP 缓存页面，非真实反链，直接忽略。"
